case_id,variant,crop,state,season
ALAPPUZHA_Amaranthus/Grain Amaranthus,Plant Protection -> Plant Protection -> Plant Protection,Amaranthus/Grain Amaranthus,KERALA,
ALAPPUZHA_Arecanut,Nutrient Management -> Cultural Practices,Arecanut,KERALA,
ALAPPUZHA_Avacado,Nutrient Management,Avacado,KERALA,
ALAPPUZHA_BAJRA NAPIER HYBRID,Seeds,BAJRA NAPIER HYBRID,KERALA,
ALAPPUZHA_Banana,Nutrient Management -> Plant Protection -> Field Preparation -> Nutrient Management -> Plant Protection -> Plant Protection -> Nutrient Management -> Nutrient Management -> Plant Protection -> Plant Protection -> Plant Protection -> Plant Protection -> Nutrient Management -> Nutrient Management -> Plant Protection -> Nutrient Management -> Nutrient Management -> Plant Protection -> Nutrient Management -> Nutrient Management -> Plant Protection -> Nutrient Management -> Nutrient Management -> Plant Protection -> Nutrient Management -> Nutrient Management -> Plant Protection -> Plant Protection -> Nutrient Management -> Seeds and Planting Material -> Nutrient Management,Banana,KERALA,
ALAPPUZHA_Betel Vine,Plant Protection,Betel Vine,KERALA,
ALAPPUZHA_Bhindi(Okra/Ladysfinger),Nutrient Management -> Plant Protection -> Nutrient Management -> Plant Protection -> Plant Protection -> Plant Protection -> Plant Protection -> Nutrient Management -> Plant Protection,Bhindi(Okra/Ladysfinger),KERALA,
ALAPPUZHA_Bitter Gourd,Nutrient Management -> Plant Protection -> Plant Protection -> Plant Protection -> Seeds and Planting Material -> Plant Protection,Bitter Gourd,KERALA,
ALAPPUZHA_Bottle Gourd,Plant Protection,Bottle Gourd,KERALA,
ALAPPUZHA_Brinjal,Nutrient Management -> Plant Protection -> Cultural Practices -> Nutrient Management -> Plant Protection -> Plant Protection -> Plant Protection -> Plant Protection -> Nutrient Management -> Plant Protection -> Plant Protection -> Plant Protection -> Plant Protection -> Plant Protection,Brinjal,KERALA,
ALAPPUZHA_Cabbage,Nutrient Management -> Cultural Practices,Cabbage,KERALA,
ALAPPUZHA_Capsicum,Plant Protection,Capsicum,KERALA,
ALAPPUZHA_Cauliflower,Cultural Practices,Cauliflower,KERALA,
ALAPPUZHA_Chillies,Plant Protection -> Nutrient Management -> Nutrient Management -> Plant Protection -> Plant Protection -> Plant Protection -> Cultural Practices -> Plant Protection -> Plant Protection -> Plant Protection -> Plant Protection -> Organic Farming -> Plant Protection -> Plant Protection -> Organic Farming -> Plant Protection -> Cultural Practices -> Cultural Practices,Chillies,KERALA,
ALAPPUZHA_China Astor,Plant Protection,China Astor,KERALA,
ALAPPUZHA_Coconut,"Plant Protection -> Agriculture Mechanization -> Seeds and Planting Material -> Nutrient Management -> Plant Protection -> Nutrient Management -> Nutrient Management -> Nutrient Management -> Nutrient Management -> Market Information -> Market Information -> Plant Protection -> Plant Protection -> Plant Protection -> Seeds and Planting Material -> Nutrient Management -> Plant Protection -> Cultural Practices -> Nutrient Management -> Nutrient Management -> Nutrient Management -> Nutrient Management -> Plant Protection -> Plant Protection -> Plant Protection -> Nutrient Management -> Plant Protection -> Nutrient Management -> Plant Protection -> Nutrient Management -> Fertilizer Use and Availability -> Nutrient Management -> Nutrient Management -> Nutrient Management -> Nutrient Management -> Plant Protection -> Nutrient Management -> Nutrient Management -> Plant Protection -> Plant Protection -> Nutrient Management -> Water Management, Micro Irrigation -> Nutrient Management -> Seeds and Planting Material -> Nutrient Management -> Plant Protection",Coconut,KERALA,
"ALAPPUZHA_Colocasia (Arvi, Arbi)",Cultural Practices -> Nutrient Management -> Seeds and Planting Material -> Seeds and Planting Material,"Colocasia (Arvi, Arbi)",KERALA,
ALAPPUZHA_Cowpea (Vegetable),Plant Protection -> Plant Protection -> Plant Protection -> Plant Protection -> Plant Protection -> Nutrient Management -> Plant Protection,Cowpea (Vegetable),KERALA,
ALAPPUZHA_Crossandra,Nutrient Management,Crossandra,KERALA,
ALAPPUZHA_Cucumber,Nutrient Management -> Plant Protection,Cucumber,KERALA,
ALAPPUZHA_Curry Leaf,Plant Protection -> Plant Protection -> Plant Protection -> Plant Protection -> Plant Protection,Curry Leaf,KERALA,
ALAPPUZHA_Custard Apple,Nutrient Management,Custard Apple,KERALA,
ALAPPUZHA_Drum Stick,Nutrient Management,Drum Stick,KERALA,
ALAPPUZHA_Fresh Water,"Fish Fingerling Production -> Tank, Pond and Reservoir Management",Fresh Water,KERALA,
ALAPPUZHA_Ginger,Nutrient Management -> Nutrient Management -> Field Preparation -> Plant Protection,Ginger,KERALA,
ALAPPUZHA_Grape,Nutrient Management -> Plant Protection,Grape,KERALA,
ALAPPUZHA_Groundnut (pea nut/mung phalli),Nutrient Management,Groundnut (pea nut/mung phalli),KERALA,
ALAPPUZHA_Guava,Plant Protection -> Plant Protection -> Plant Protection -> Plant Protection -> Nutrient Management -> Plant Protection -> Plant Protection -> Nutrient Management,Guava,KERALA,
ALAPPUZHA_Ivy Gourd,Nutrient Management -> Nutrient Management,Ivy Gourd,KERALA,
ALAPPUZHA_Jack Fruit,Plant Protection -> Plant Protection -> Nutrient Management -> Agriculture Mechanization -> Plant Protection -> Nutrient Management -> Plant Protection -> Plant Protection -> Plant Protection -> Plant Protection,Jack Fruit,KERALA,
ALAPPUZHA_Jamun,Plant Protection,Jamun,KERALA,
ALAPPUZHA_Jasmine,Cultural Practices,Jasmine,KERALA,
ALAPPUZHA_Kokum,Nutrient Management -> Nutrient Management -> Nutrient Management -> Plant Protection,Kokum,KERALA,
ALAPPUZHA_Mango,Plant Protection -> Nutrient Management -> Field Preparation -> Plant Protection -> Seeds and Planting Material -> Plant Protection -> Plant Protection -> Plant Protection,Mango,KERALA,
ALAPPUZHA_Neem,Nutrient Management,Neem,KERALA,
ALAPPUZHA_Nutmeg,Nutrient Management,Nutmeg,KERALA,
ALAPPUZHA_Paddy (Dhan),Seeds -> Plant Protection -> Plant Protection -> Cultural Practices -> Weed Management,Paddy (Dhan),KERALA,
ALAPPUZHA_Papaya,Nutrient Management,Papaya,KERALA,
ALAPPUZHA_Passion Fruit,Nutrient Management,Passion Fruit,KERALA,
ALAPPUZHA_Pepper,"Plant Protection -> Plant Protection -> Nutrient Management -> Nutrient Management -> Nutrient Management -> Plant Protection -> Nutrient Management -> Nutrient Management -> Seeds and Planting Material -> Water Management, Micro Irrigation -> Plant Protection -> Nutrient Management",Pepper,KERALA,
ALAPPUZHA_Pumpkin,Fertilizer Use and Availability,Pumpkin,KERALA,
ALAPPUZHA_Ridge Gourd,Plant Protection -> Plant Protection,Ridge Gourd,KERALA,
ALAPPUZHA_Rose,"Water Management, Micro Irrigation -> Water Management, Micro Irrigation -> Nutrient Management -> Cultural Practices -> Field Preparation -> Plant Protection -> Plant Protection -> Plant Protection -> Plant Protection -> Cultural Practices -> Field Preparation -> Organic Farming -> Nutrient Management -> Cultural Practices -> Cultural Practices -> Water Management, Micro Irrigation -> Plant Protection -> Plant Protection -> Agriculture Mechanization -> Plant Protection -> Plant Protection -> Cultural Practices -> Cultural Practices -> Cultural Practices -> Cultural Practices -> Cultural Practices -> Cultural Practices -> Cultural Practices -> Cultural Practices -> Plant Protection -> Plant Protection -> Nutrient Management -> Plant Protection -> Cultural Practices -> Plant Protection -> Plant Protection -> Seeds and Planting Material -> Cultural Practices -> Plant Protection -> Plant Protection -> Nutrient Management -> Nutrient Management -> Plant Protection -> Plant Protection -> Plant Protection -> Plant Protection -> Cultural Practices -> Cultural Practices -> Field Preparation -> Plant Protection -> Nutrient Management -> Cultural Practices -> Nutrient Management -> Plant Protection -> Plant Protection -> Nutrient Management -> Plant Protection -> Nutrient Management -> Plant Protection -> Organic Farming",Rose,KERALA,
ALAPPUZHA_Sapota,Nutrient Management,Sapota,KERALA,
ALAPPUZHA_Snake Gourd,Nutrient Management -> Plant Protection -> Organic Farming,Snake Gourd,KERALA,
ALAPPUZHA_Sponge Gourd,Plant Protection,Sponge Gourd,KERALA,
ALAPPUZHA_Sugarcane (Noble Cane),Nutrient Management,Sugarcane (Noble Cane),KERALA,
ALAPPUZHA_Tapioca (Cassava),Nutrient Management,Tapioca (Cassava),KERALA,
ALAPPUZHA_Tomato,Plant Protection -> Nutrient Management,Tomato,KERALA,
ALAPPUZHA_Turkey,Disease Management,Turkey,KERALA,
ALAPPUZHA_Turmeric,Nutrient Management,Turmeric,KERALA,
ERNAKULAM_Acid Lime,Plant Protection -> Nutrient Management -> Nutrient Management -> Plant Protection,Acid Lime,KERALA,
ERNAKULAM_African Sarson,Weather,African Sarson,KERALA,
ERNAKULAM_Almond,Weather -> Weather,Almond,KERALA,
ERNAKULAM_Aloe Vera,Organic Farming -> Weather,Aloe Vera,KERALA,
ERNAKULAM_Amaranthus/Grain Amaranthus,Field Preparation -> Cultural Practices -> Plant Protection -> Cultural Practices,Amaranthus/Grain Amaranthus,KERALA,
ERNAKULAM_Amarphophallus (Surankand/Elephant Foot Yam),Seeds and Planting Material -> Plant Protection -> Seeds and Planting Material,Amarphophallus (Surankand/Elephant Foot Yam),KERALA,
ERNAKULAM_Anthurium,Nutrient Management -> Plant Protection -> Nutrient Management,Anthurium,KERALA,
ERNAKULAM_Aonla,Plant Protection,Aonla,KERALA,
ERNAKULAM_Arecanut,Plant Protection -> Plant Protection -> Field Preparation -> Nutrient Management -> Seeds and Planting Material -> Plant Protection -> Plant Protection -> Nutrient Management -> Field Preparation -> Cultural Practices -> Plant Protection -> Field Preparation -> Seeds and Planting Material -> Seeds and Planting Material -> Seeds and Planting Material -> Weather -> Field Preparation -> Seeds and Planting Material -> Seeds and Planting Material -> Nursery Management -> Plant Protection -> Nutrient Management -> Nutrient Management -> Plant Protection -> Nutrient Management -> Nutrient Management -> Plant Protection -> Nutrient Management -> Nutrient Management -> Nutrient Management -> Nutrient Management -> Seeds and Planting Material -> Seeds and Planting Material -> Market Information -> Nursery Management -> Field Preparation -> Cultural Practices -> Plant Protection,Arecanut,KERALA,
ERNAKULAM_Ash Gourd (Petha),Plant Protection -> Plant Protection -> Plant Protection,Ash Gourd (Petha),KERALA,
ERNAKULAM_Avacado,Nutrient Management -> Cultural Practices,Avacado,KERALA,
ERNAKULAM_Banana,"Nutrient Management -> Nutrient Management -> Nutrient Management -> Plant Protection -> Plant Protection -> Plant Protection -> Nutrient Management -> Plant Protection -> Vegetative Propagation and Tissue Culture -> Nutrient Management -> Field Preparation -> Nutrient Management -> Field Preparation -> Seeds and Planting Material -> Plant Protection -> Cultural Practices -> Nutrient Management -> Water Management, Micro Irrigation -> Plant Protection -> Plant Protection -> Plant Protection -> Cultural Practices -> Plant Protection -> Nutrient Management -> Nutrient Management -> Nutrient Management -> Plant Protection -> Plant Protection -> Nutrient Management -> Nutrient Management -> Nutrient Management -> Nutrient Management -> Nutrient Management -> Plant Protection -> Nutrient Management -> Plant Protection -> Nutrient Management -> Plant Protection -> Plant Protection -> Plant Protection -> Plant Protection -> Plant Protection -> Plant Protection -> Field Preparation -> Cultural Practices -> Plant Protection -> Plant Protection -> Plant Protection -> Plant Protection -> Plant Protection -> Plant Protection -> Plant Protection -> Plant Protection -> Nutrient Management -> Nutrient Management -> Nutrient Management -> Nutrient Management -> Plant Protection -> Plant Protection -> Plant Protection -> Nutrient Management -> Plant Protection -> Plant Protection -> Seeds and Planting Material -> Field Preparation -> Plant Protection -> Weather -> Plant Protection -> Plant Protection -> Nutrient Management -> Plant Protection -> Nutrient Management -> Plant Protection -> Seeds and Planting Material -> Nutrient Management -> Plant Protection -> Plant Protection -> Plant Protection -> Cultural Practices -> Seeds and Planting Material -> Plant Protection -> Nutrient Management -> Nutrient Management -> Plant Protection -> Cultural Practices -> Nutrient Management -> Nutrient Management -> Plant Protection -> Nutrient Management -> Nutrient Management -> Nutrient Management -> Nutrient Management -> Plant Protection -> Nutrient Management -> Cultural Practices -> Nutrient Management -> Plant Protection -> Nutrient Management -> Nutrient Management -> Plant Protection -> Plant Protection -> Cultural Practices -> Plant Protection -> Nutrient Management -> Nutrient Management -> Cultural Practices -> Nutrient Management -> Nutrient Management -> Nutrient Management -> Nutrient Management -> Nutrient Management -> Nutrient Management -> Field Preparation -> Plant Protection -> Nutrient Management -> Plant Protection -> Cultural Practices -> Cultural Practices -> Nutrient Management -> Plant Protection -> Plant Protection -> Nutrient Management -> Cultural Practices -> Water Management, Micro Irrigation -> Nutrient Management -> Nutrient Management",Banana,KERALA,
ERNAKULAM_Beet Root (Garden Beet/Stock Beet),Field Preparation -> Field Preparation,Beet Root (Garden Beet/Stock Beet),KERALA,
ERNAKULAM_Ber,Nutrient Management -> Cultural Practices,Ber,KERALA,
ERNAKULAM_Betel Vine,Weather,Betel Vine,KERALA,
ERNAKULAM_Bhindi(Okra/Ladysfinger),Plant Protection -> Nutrient Management -> Plant Protection -> Organic Farming -> Field Preparation -> Nutrient Management -> Plant Protection -> Nutrient Management -> Nutrient Management -> Nutrient Management -> Nutrient Management -> Nutrient Management -> Nutrient Management -> Plant Protection -> Plant Protection -> Nutrient Management -> Nutrient Management -> Plant Protection -> Nutrient Management -> Plant Protection,Bhindi(Okra/Ladysfinger),KERALA,
ERNAKULAM_Bitter Gourd,Nutrient Management -> Cultural Practices -> Cultural Practices -> Plant Protection -> Plant Protection -> Plant Protection -> Plant Protection -> Nutrient Management,Bitter Gourd,KERALA,
ERNAKULAM_Bottle Gourd,Plant Protection,Bottle Gourd,KERALA,
"ERNAKULAM_Bovine(Cow,Buffalo)",Animal Nutrition -> Cattle shed Planning and Management,"Bovine(Cow,Buffalo)",KERALA,
ERNAKULAM_Brinjal,Plant Protection -> Plant Protection -> Plant Protection -> Plant Protection -> Plant Protection -> Plant Protection -> Plant Protection -> Plant Protection -> Plant Protection -> Nutrient Management -> Plant Protection -> Plant Protection -> Plant Protection -> Plant Protection -> Plant Protection -> Plant Protection -> Nutrient Management -> Cultural Practices,Brinjal,KERALA,
ERNAKULAM_Carrot,Field Preparation,Carrot,KERALA,
ERNAKULAM_Cashew,Nutrient Management,Cashew,KERALA,
ERNAKULAM_Cauliflower,Cultural Practices,Cauliflower,KERALA,
ERNAKULAM_Chillies,Plant Protection -> Plant Protection -> Plant Protection -> Plant Protection -> Nutrient Management -> Plant Protection -> Plant Protection -> Nutrient Management -> Plant Protection -> Plant Protection -> Plant Protection -> Plant Protection -> Plant Protection -> Plant Protection -> Plant Protection -> Plant Protection -> Cultural Practices -> Plant Protection -> Plant Protection -> Plant Protection -> Nutrient Management -> Plant Protection,Chillies,KERALA,
ERNAKULAM_Citrus,Nutrient Management -> Nutrient Management -> Nutrient Management,Citrus,KERALA,
ERNAKULAM_Cluster Bean,Plant Protection -> Plant Protection,Cluster Bean,KERALA,
ERNAKULAM_Cocoa,Plant Protection -> Nutrient Management -> Plant Protection -> Plant Protection -> Field Preparation -> Field Preparation -> Field Preparation -> Nutrient Management -> Field Preparation -> Nutrient Management -> Plant Protection,Cocoa,KERALA,
ERNAKULAM_Coconut,"Nutrient Management -> Seeds and Planting Material -> Field Preparation -> Plant Protection -> Nutrient Management -> Nutrient Management -> Nutrient Management -> Plant Protection -> Organic Farming -> Plant Protection -> Plant Protection -> Plant Protection -> Nutrient Management -> Nutrient Management -> Nutrient Management -> Plant Protection -> Plant Protection -> Nutrient Management -> Cultural Practices -> Nutrient Management -> Field Preparation -> Plant Protection -> Plant Protection -> Plant Protection -> Plant Protection -> Plant Protection -> Plant Protection -> Nutrient Management -> Plant Protection -> Nutrient Management -> Plant Protection -> Plant Protection -> Nutrient Management -> Nutrient Management -> Plant Protection -> Nutrient Management -> Plant Protection -> Nutrient Management -> Plant Protection -> Plant Protection -> Nutrient Management -> Nutrient Management -> Nutrient Management -> Nutrient Management -> Nutrient Management -> Nutrient Management -> Nutrient Management -> Nutrient Management -> Plant Protection -> Nutrient Management -> Nutrient Management -> Nutrient Management -> Nutrient Management -> Nutrient Management -> Nutrient Management -> Plant Protection -> Nutrient Management -> Plant Protection -> Plant Protection -> Plant Protection -> Nutrient Management -> Plant Protection -> Nutrient Management -> Nutrient Management -> Nutrient Management -> Plant Protection -> Nutrient Management -> Cultural Practices -> Plant Protection -> Nutrient Management -> Nutrient Management -> Nutrient Management -> Plant Protection -> Plant Protection -> Nutrient Management -> Agriculture Mechanization -> Nutrient Management -> Nutrient Management -> Agriculture Mechanization -> Nutrient Management -> Plant Protection -> Plant Protection -> Seeds and Planting Material -> Water Management, Micro Irrigation -> Nutrient Management -> Nutrient Management -> Plant Protection -> Seeds and Planting Material -> Seeds and Planting Material -> Seeds and Planting Material -> Seeds and Planting Material -> Nutrient Management -> Plant Protection -> Plant Protection -> Plant Protection -> Nutrient Management -> Plant Protection -> Cultural Practices -> Nutrient Management -> Water Management, Micro Irrigation -> Nutrient Management -> Plant Protection -> Nutrient Management -> Plant Protection -> Nutrient Management -> Water Management, Micro Irrigation -> Nutrient Management -> Nutrient Management -> Plant Protection -> Plant Protection -> Water Management, Micro Irrigation -> Plant Protection -> Plant Protection -> Plant Protection -> Nutrient Management -> Water Management, Micro Irrigation -> Water Management, Micro Irrigation -> Seeds and Planting Material -> Water Management, Micro Irrigation -> Water Management, Micro Irrigation -> Nutrient Management -> Plant Protection -> Plant Protection -> Water Management, Micro Irrigation -> Nutrient Management -> Plant Protection -> Water Management, Micro Irrigation -> Plant Protection",Coconut,KERALA,
"ERNAKULAM_Colocasia (Arvi, Arbi)",Field Preparation -> Seeds and Planting Material -> Seeds and Planting Material -> Plant Protection,"Colocasia (Arvi, Arbi)",KERALA,
ERNAKULAM_Cowpea (Vegetable),Seeds and Planting Material -> Plant Protection -> Plant Protection -> Seeds and Planting Material -> Plant Protection -> Nutrient Management -> Plant Protection -> Plant Protection -> Plant Protection -> Plant Protection -> Nutrient Management -> Plant Protection -> Plant Protection -> Nutrient Management -> Plant Protection -> Nutrient Management -> Nutrient Management -> Plant Protection -> Nutrient Management -> Plant Protection -> Nutrient Management -> Plant Protection -> Nutrient Management -> Plant Protection -> Plant Protection -> Plant Protection -> Plant Protection -> Plant Protection -> Plant Protection -> Cultural Practices -> Plant Protection -> Plant Protection -> Plant Protection -> Nutrient Management -> Cultural Practices -> Cultural Practices -> Plant Protection -> Plant Protection -> Seeds and Planting Material -> Plant Protection -> Nutrient Management -> Plant Protection -> Plant Protection -> Plant Protection -> Plant Protection -> Plant Protection -> Plant Protection -> Plant Protection -> Nutrient Management -> Plant Protection -> Plant Protection -> Nutrient Management -> Plant Protection -> Plant Protection -> Plant Protection -> Plant Protection -> Plant Protection -> Plant Protection -> Plant Protection -> Plant Protection -> Plant Protection -> Seeds and Planting Material,Cowpea (Vegetable),KERALA,
ERNAKULAM_Cucumber,"Nutrient Management -> Nutrient Management -> Plant Protection -> Plant Protection -> Plant Protection -> Nutrient Management -> Plant Protection -> Seeds and Planting Material -> Seeds and Planting Material -> Plant Protection -> Seeds and Planting Material -> Plant Protection -> Plant Protection -> Nutrient Management -> Plant Protection -> Nutrient Management -> Nutrient Management -> Nutrient Management -> Cultural Practices -> Water Management, Micro Irrigation -> Water Management, Micro Irrigation -> Plant Protection -> Nutrient Management",Cucumber,KERALA,
ERNAKULAM_Curry Leaf,Plant Protection -> Plant Protection -> Plant Protection -> Plant Protection -> Nutrient Management,Curry Leaf,KERALA,
ERNAKULAM_Custard Apple,Nutrient Management -> Plant Protection,Custard Apple,KERALA,
ERNAKULAM_DatePalm,Seeds and Planting Material,DatePalm,KERALA,
ERNAKULAM_Drum Stick,"Water Management, Micro Irrigation -> Seeds and Planting Material -> Field Preparation -> Seeds and Planting Material -> Seeds and Planting Material -> Water Management, Micro Irrigation -> Nutrient Management",Drum Stick,KERALA,
ERNAKULAM_Fig,"Post Harvest Management (Cleaning, Grading, Packaging, Food Processing, Cool Chain etc.) -> Plant Protection -> Nutrient Management",Fig,KERALA,
ERNAKULAM_Ginger,Field Preparation -> Cultural Practices -> Nutrient Management -> Plant Protection -> Plant Protection -> Seeds and Planting Material,Ginger,KERALA,
ERNAKULAM_Grape,Cultural Practices -> Nutrient Management -> Nutrient Management,Grape,KERALA,
ERNAKULAM_Greater Yam,Field Preparation,Greater Yam,KERALA,
ERNAKULAM_Guava,Nutrient Management -> Seeds and Planting Material -> Weather -> Plant Protection -> Plant Protection -> Plant Protection -> Vegetative Propagation and Tissue Culture -> Plant Protection -> Cultural Practices -> Nutrient Management -> Plant Protection -> Nutrient Management -> Nutrient Management -> Nutrient Management -> Nutrient Management,Guava,KERALA,
ERNAKULAM_Indian Bean (Vegetable),Plant Protection -> Weather,Indian Bean (Vegetable),KERALA,
ERNAKULAM_Ivy Gourd,"Nutrient Management -> Agriculture Mechanization -> Water Management, Micro Irrigation -> Nutrient Management -> Nutrient Management",Ivy Gourd,KERALA,
ERNAKULAM_Jack Fruit,Plant Protection -> Cultural Practices -> Plant Protection -> Nutrient Management -> Cultural Practices -> Nutrient Management -> Plant Protection -> Nutrient Management -> Nutrient Management -> Plant Protection -> Seeds and Planting Material -> Plant Protection -> Nutrient Management -> Nutrient Management,Jack Fruit,KERALA,
ERNAKULAM_Jamun,Nutrient Management,Jamun,KERALA,
ERNAKULAM_Jasmine,Nutrient Management,Jasmine,KERALA,
ERNAKULAM_Kaner,Plant Protection,Kaner,KERALA,
ERNAKULAM_Kokum,Plant Protection,Kokum,KERALA,
ERNAKULAM_Large Cardamom,Nutrient Management,Large Cardamom,KERALA,
ERNAKULAM_Lemon,Nutrient Management -> Nutrient Management,Lemon,KERALA,
ERNAKULAM_Litchi,Nutrient Management -> Field Preparation -> Nutrient Management -> Nutrient Management -> Seeds and Planting Material,Litchi,KERALA,
ERNAKULAM_Little Millet (Samai/Kutki/kodo-kutki),Post Harvest Preservation,Little Millet (Samai/Kutki/kodo-kutki),KERALA,
ERNAKULAM_Mango,"Nutrient Management -> Plant Protection -> Plant Protection -> Plant Protection -> Water Management, Micro Irrigation -> Plant Protection -> Nutrient Management -> Plant Protection -> Plant Protection -> Nutrient Management -> Plant Protection -> Weather -> Nutrient Management -> Cultural Practices -> Seeds and Planting Material -> Seeds and Planting Material -> Vegetative Propagation and Tissue Culture -> Seeds and Planting Material -> Seeds and Planting Material -> Nutrient Management -> Plant Protection -> Plant Protection -> Nutrient Management -> Nutrient Management -> Plant Protection -> Plant Protection -> Nutrient Management -> Cultural Practices -> Plant Protection -> Cultural Practices -> Plant Protection -> Plant Protection -> Field Preparation -> Nutrient Management -> Plant Protection -> Plant Protection -> Plant Protection -> Plant Protection -> Seeds and Planting Material -> Plant Protection -> Plant Protection -> Plant Protection -> Plant Protection -> Plant Protection -> Nutrient Management -> Plant Protection -> Nutrient Management -> Nutrient Management -> Plant Protection -> Plant Protection -> Plant Protection -> Nutrient Management -> Plant Protection -> Plant Protection",Mango,KERALA,
ERNAKULAM_Marigold,Plant Protection -> Agriculture Mechanization -> Seeds and Planting Material -> Plant Protection,Marigold,KERALA,
ERNAKULAM_Mosambi,Nutrient Management,Mosambi,KERALA,
ERNAKULAM_Napier Grass,Nutrient Management,Napier Grass,KERALA,
ERNAKULAM_Nutmeg,Plant Protection -> Nutrient Management -> Nutrient Management -> Nutrient Management -> Field Preparation -> Seeds and Planting Material -> Plant Protection -> Cultural Practices -> Nutrient Management -> Nutrient Management -> Nutrient Management -> Nutrient Management -> Seeds and Planting Material -> Nutrient Management -> Nutrient Management -> Nutrient Management -> Nutrient Management -> Plant Protection -> Nutrient Management -> Plant Protection -> Nutrient Management -> Nutrient Management -> Nutrient Management -> Nutrient Management -> Nutrient Management -> Plant Protection -> Plant Protection -> Nutrient Management -> Nutrient Management -> Nutrient Management -> Nutrient Management -> Plant Protection -> Plant Protection -> Nutrient Management -> Nutrient Management -> Plant Protection -> Nutrient Management -> Nutrient Management -> Nutrient Management -> Water Management -> Nutrient Management -> Nutrient Management -> Plant Protection -> Nutrient Management -> Nutrient Management -> Nutrient Management -> Nutrient Management -> Plant Protection -> Nutrient Management -> Nutrient Management -> Plant Protection -> Nutrient Management -> Nutrient Management -> Nutrient Management -> Nutrient Management -> Plant Protection -> Nutrient Management -> Seeds and Planting Material -> Nutrient Management -> Nutrient Management -> Nutrient Management -> Plant Protection -> Organic Farming -> Plant Protection,Nutmeg,KERALA,
ERNAKULAM_Other,"Varieties -> Cultural Practices -> Plant Protection -> Tank, Pond and Reservoir Management",Other,KERALA,
ERNAKULAM_POULTRY  FARM,"Animal Production (Piggery, Goatery, Sheep Farming etc.)",POULTRY  FARM,KERALA,
ERNAKULAM_Paddy (Dhan),Plant Protection -> Plant Protection -> Nutrient Management -> Nutrient Management -> Sowing Time and Weather -> Varieties -> Seeds -> Plant Protection -> Weed Management -> Nutrient Management -> Nutrient Management -> Plant Protection,Paddy (Dhan),KERALA,
ERNAKULAM_Papaya,Seeds and Planting Material -> Plant Protection -> Nutrient Management -> Plant Protection -> Plant Protection -> Plant Protection -> Plant Protection -> Nutrient Management -> Plant Protection -> Nutrient Management -> Plant Protection -> Nutrient Management -> Plant Protection,Papaya,KERALA,
ERNAKULAM_Passion Fruit,Plant Protection -> Nutrient Management,Passion Fruit,KERALA,
ERNAKULAM_Pepper,Plant Protection -> Plant Protection -> Seeds and Planting Material -> Nutrient Management -> Nutrient Management -> Agriculture Mechanization -> Seeds and Planting Material -> Seeds and Planting Material -> Seeds and Planting Material -> Nutrient Management -> Nutrient Management -> Seeds and Planting Material -> Plant Protection -> Nutrient Management,Pepper,KERALA,
ERNAKULAM_Pineapple,"Agriculture Mechanization -> Nursery Management -> Nutrient Management -> Nutrient Management -> Nutrient Management -> Post Harvest Management (Cleaning, Grading, Packaging, Food Processing, Cool Chain etc.) -> Nutrient Management -> Nutrient Management",Pineapple,KERALA,
ERNAKULAM_Pomegranate,Plant Protection,Pomegranate,KERALA,
ERNAKULAM_Pumpkin,Plant Protection -> Nutrient Management,Pumpkin,KERALA,
ERNAKULAM_Ridge Gourd,Nutrient Management -> Nutrient Management,Ridge Gourd,KERALA,
ERNAKULAM_Rose,Plant Protection -> Plant Protection -> Plant Protection -> Nutrient Management -> Nutrient Management -> Nutrient Management,Rose,KERALA,
ERNAKULAM_Rubber,Plant Protection -> Seeds and Planting Material -> Plant Protection,Rubber,KERALA,
ERNAKULAM_Saffron,Plant Protection,Saffron,KERALA,
ERNAKULAM_Sandal Wood,Nutrient Management -> Plant Protection -> Plant Protection,Sandal Wood,KERALA,
ERNAKULAM_Sapota,Nutrient Management -> Fertilizer Use and Availability -> Plant Protection -> Plant Protection -> Plant Protection,Sapota,KERALA,
ERNAKULAM_Sesame (Gingelly/Til)/Sesamum,Water Management -> Sowing Time and Weather,Sesame (Gingelly/Til)/Sesamum,KERALA,
ERNAKULAM_Snake Gourd,Plant Protection -> Nutrient Management,Snake Gourd,KERALA,
ERNAKULAM_Sponge Gourd,Cultural Practices,Sponge Gourd,KERALA,
ERNAKULAM_Tapioca (Cassava),Nutrient Management -> Plant Protection -> Plant Protection -> Nutrient Management -> Plant Protection -> Nutrient Management -> Seeds -> Varieties -> Field Preparation -> Plant Protection -> Nutrient Management -> Plant Protection -> Plant Protection -> Plant Protection,Tapioca (Cassava),KERALA,
ERNAKULAM_Teak,Seeds and Planting Material -> Plant Protection -> Cultural Practices,Teak,KERALA,
ERNAKULAM_Tomato,Plant Protection -> Plant Protection -> Plant Protection -> Nutrient Management -> Plant Protection -> Plant Protection -> Plant Protection -> Nutrient Management -> Plant Protection -> Plant Protection -> Plant Protection -> Plant Protection -> Plant Protection -> Plant Protection -> Plant Protection -> Plant Protection -> Plant Protection -> Nutrient Management,Tomato,KERALA,
ERNAKULAM_Turmeric,Plant Protection,Turmeric,KERALA,
IDUKKI_Acid Lime,Plant Protection,Acid Lime,KERALA,
IDUKKI_Amaranthus/Grain Amaranthus,Plant Protection -> Plant Protection,Amaranthus/Grain Amaranthus,KERALA,
IDUKKI_Amarphophallus (Surankand/Elephant Foot Yam),Plant Protection,Amarphophallus (Surankand/Elephant Foot Yam),KERALA,
IDUKKI_Apple,Plant Protection -> Plant Protection,Apple,KERALA,
IDUKKI_Apricot,Plant Protection,Apricot,KERALA,
IDUKKI_Arecanut,Nutrient Management -> Nutrient Management -> Weather -> Nutrient Management -> Plant Protection -> Nutrient Management -> Plant Protection -> Nutrient Management -> Nutrient Management -> Plant Protection,Arecanut,KERALA,
IDUKKI_Avacado,"Water Management, Micro Irrigation -> Nutrient Management -> Seeds and Planting Material -> Field Preparation -> Market Information",Avacado,KERALA,
IDUKKI_Bail,Plant Protection,Bail,KERALA,
IDUKKI_Banana,"Plant Protection -> Plant Protection -> Nutrient Management -> Plant Protection -> Plant Protection -> Nutrient Management -> Nutrient Management -> Nutrient Management -> Plant Protection -> Nutrient Management -> Nutrient Management -> Plant Protection -> Post Harvest Management (Cleaning, Grading, Packaging, Food Processing, Cool Chain etc.) -> Nutrient Management -> Nutrient Management -> Nutrient Management -> Field Preparation -> Plant Protection -> Nutrient Management -> Plant Protection -> Plant Protection -> Nutrient Management",Banana,KERALA,
IDUKKI_Beans,Plant Protection -> Plant Protection,Beans,KERALA,
IDUKKI_Betel Vine,Seeds and Planting Material,Betel Vine,KERALA,
IDUKKI_Bhindi(Okra/Ladysfinger),Plant Protection -> Plant Protection -> Plant Protection -> Plant Protection -> Nutrient Management -> Cultural Practices -> Nutrient Management,Bhindi(Okra/Ladysfinger),KERALA,
IDUKKI_Bitter Gourd,Seeds and Planting Material -> Plant Protection -> Plant Protection -> Plant Protection -> Organic Farming -> Plant Protection -> Plant Protection,Bitter Gourd,KERALA,
IDUKKI_Brinjal,Plant Protection,Brinjal,KERALA,
IDUKKI_Cabbage,Plant Protection -> Nutrient Management,Cabbage,KERALA,
IDUKKI_Cardamom,"Nutrient Management -> Plant Protection -> Plant Protection -> Nutrient Management -> Plant Protection -> Nutrient Management -> Plant Protection -> Plant Protection -> Nutrient Management -> Plant Protection -> Nutrient Management -> Plant Protection -> Weather -> Plant Protection -> Plant Protection -> Water Management, Micro Irrigation -> Nutrient Management -> Nutrient Management -> Nutrient Management -> Nutrient Management -> Nutrient Management -> Nutrient Management -> Nutrient Management -> Plant Protection -> Nutrient Management -> Nutrient Management -> Nutrient Management -> Nutrient Management -> Plant Protection -> Field Preparation -> Nutrient Management -> Plant Protection -> Plant Protection -> Nutrient Management -> Nutrient Management -> Plant Protection -> Nutrient Management -> Nutrient Management -> Nutrient Management -> Weather -> Plant Protection -> Nutrient Management -> Plant Protection -> Plant Protection -> Cultural Practices -> Plant Protection -> Nutrient Management -> Plant Protection -> Plant Protection -> Plant Protection -> Plant Protection -> Plant Protection -> Plant Protection -> Plant Protection -> Plant Protection -> Plant Protection -> Plant Protection -> Plant Protection -> Nutrient Management -> Fertilizer Use and Availability -> Plant Protection -> Nutrient Management -> Nutrient Management -> Plant Protection -> Nutrient Management -> Plant Protection -> Plant Protection -> Plant Protection -> Plant Protection -> Plant Protection -> Plant Protection -> Cultural Practices -> Plant Protection -> Plant Protection -> Nutrient Management -> Plant Protection -> Nutrient Management",Cardamom,KERALA,
IDUKKI_Cashew,Seeds and Planting Material -> Field Preparation -> Seeds and Planting Material,Cashew,KERALA,
IDUKKI_Chillies,Plant Protection -> Plant Protection -> Plant Protection -> Seeds and Planting Material -> Plant Protection,Chillies,KERALA,
IDUKKI_Clove,Nutrient Management -> Agriculture Mechanization,Clove,KERALA,
IDUKKI_Cocoa,Nutrient Management -> Nutrient Management -> Nutrient Management -> Plant Protection -> Plant Protection -> Plant Protection -> Nutrient Management -> Nutrient Management -> Plant Protection -> Nutrient Management -> Nutrient Management -> Plant Protection -> Plant Protection -> Plant Protection -> Nutrient Management -> Nutrient Management -> Nutrient Management -> Nutrient Management,Cocoa,KERALA,
IDUKKI_Coconut,Plant Protection -> Nutrient Management -> Plant Protection -> Nutrient Management -> Nutrient Management -> Nutrient Management -> Nutrient Management -> Nutrient Management -> Nutrient Management -> Nutrient Management -> Nutrient Management -> Nutrient Management -> Organic Farming -> Nutrient Management -> Plant Protection -> Cultural Practices -> Plant Protection -> Plant Protection -> Plant Protection -> Plant Protection -> Nutrient Management -> Plant Protection -> Plant Protection -> Nutrient Management -> Plant Protection -> Plant Protection,Coconut,KERALA,
IDUKKI_Coffee,Seeds and Planting Material,Coffee,KERALA,
IDUKKI_Cowpea (Vegetable),Plant Protection -> Plant Protection -> Plant Protection -> Plant Protection -> Nutrient Management -> Plant Protection -> Nutrient Management -> Plant Protection -> Plant Protection -> Plant Protection -> Nutrient Management -> Plant Protection -> Plant Protection -> Plant Protection,Cowpea (Vegetable),KERALA,
IDUKKI_Cucumber,Cultural Practices -> Plant Protection -> Plant Protection -> Plant Protection,Cucumber,KERALA,
IDUKKI_Dog,Disease Reporting -> Disease Reporting,Dog,KERALA,
IDUKKI_Drum Stick,Nutrient Management,Drum Stick,KERALA,
IDUKKI_Ginger,Cultural Practices -> Plant Protection -> Plant Protection -> Nutrient Management -> Plant Protection -> Plant Protection -> Plant Protection -> Organic Farming -> Plant Protection,Ginger,KERALA,
IDUKKI_Grape,Nutrient Management,Grape,KERALA,
IDUKKI_Indian Bean (Vegetable),Plant Protection,Indian Bean (Vegetable),KERALA,
IDUKKI_Ivy Gourd,Plant Protection -> Plant Protection -> Nutrient Management,Ivy Gourd,KERALA,
IDUKKI_Jack Fruit,Nutrient Management -> Cultural Practices,Jack Fruit,KERALA,
IDUKKI_Large Cardamom,"Plant Protection -> Weather -> Plant Protection -> Water Management, Micro Irrigation",Large Cardamom,KERALA,
IDUKKI_Lemon,Plant Protection,Lemon,KERALA,
IDUKKI_Mango,Plant Protection -> Nutrient Management -> Nutrient Management -> Nutrient Management -> Plant Protection -> Nutrient Management -> Plant Protection -> Cultural Practices -> Plant Protection -> Cultural Practices,Mango,KERALA,
IDUKKI_Mentha,Cultural Practices,Mentha,KERALA,
IDUKKI_Nutmeg,Plant Protection -> Plant Protection -> Nutrient Management -> Cultural Practices -> Nutrient Management -> Plant Protection -> Nutrient Management -> Plant Protection -> Plant Protection -> Nutrient Management -> Nutrient Management -> Nutrient Management -> Plant Protection -> Nutrient Management -> Nutrient Management -> Cultural Practices -> Nutrient Management -> Nutrient Management -> Nutrient Management,Nutmeg,KERALA,
IDUKKI_POULTRY  FARM,"Animal Production (Piggery, Goatery, Sheep Farming etc.)",POULTRY  FARM,KERALA,
IDUKKI_Paddy (Dhan),Seeds,Paddy (Dhan),KERALA,
IDUKKI_Papaya,Plant Protection -> Nutrient Management -> Organic Farming,Papaya,KERALA,
IDUKKI_Pepper,"Plant Protection -> Plant Protection -> Seeds and Planting Material -> Plant Protection -> Post Harvest Management (Cleaning, Grading, Packaging, Food Processing, Cool Chain etc.) -> Post Harvest Management (Cleaning, Grading, Packaging, Food Processing, Cool Chain etc.) -> Plant Protection -> Plant Protection -> Plant Protection -> Nutrient Management -> Field Preparation -> Plant Protection -> Plant Protection -> Plant Protection -> Nutrient Management -> Nutrient Management -> Plant Protection -> Plant Protection -> Post Harvest Management (Cleaning, Grading, Packaging, Food Processing, Cool Chain etc.)",Pepper,KERALA,
IDUKKI_Pomegranate,Nutrient Management -> Nutrient Management -> Plant Protection,Pomegranate,KERALA,
IDUKKI_Rubber,Plant Protection -> Nutrient Management -> Nutrient Management -> Nutrient Management -> Nutrient Management -> Plant Protection -> Cultural Practices -> Plant Protection,Rubber,KERALA,
IDUKKI_Sandal Wood,Plant Protection -> Cultural Practices,Sandal Wood,KERALA,
IDUKKI_Sapota,Nutrient Management,Sapota,KERALA,
IDUKKI_Tapioca (Cassava),Post Harvest Preservation -> Plant Protection -> Nutrient Management -> Plant Protection -> Agriculture Mechanization -> Plant Protection -> Nutrient Management -> Field Preparation -> Soil Testing,Tapioca (Cassava),KERALA,
IDUKKI_Tomato,Plant Protection -> Nutrient Management,Tomato,KERALA,
IDUKKI_Vanilla,Plant Protection,Vanilla,KERALA,
KANNUR_Acid Lime,Nutrient Management,Acid Lime,KERALA,
KANNUR_Amaranthus/Grain Amaranthus,Plant Protection -> Field Preparation -> Plant Protection -> Plant Protection -> Plant Protection -> Nutrient Management,Amaranthus/Grain Amaranthus,KERALA,
KANNUR_Arecanut,"Water Management, Micro Irrigation -> Nutrient Management -> Nutrient Management -> Plant Protection -> Nutrient Management -> Nutrient Management -> Plant Protection -> Plant Protection -> Plant Protection -> Plant Protection -> Plant Protection -> Nutrient Management -> Plant Protection -> Plant Protection -> Cultural Practices -> Weather -> Nutrient Management -> Plant Protection -> Plant Protection -> Weather -> Plant Protection -> Nutrient Management -> Nutrient Management -> Nutrient Management -> Nutrient Management -> Nutrient Management -> Seeds and Planting Material -> Seeds and Planting Material -> Nutrient Management -> Plant Protection -> Nutrient Management -> Nutrient Management -> Plant Protection -> Plant Protection -> Nutrient Management -> Nutrient Management -> Plant Protection -> Nutrient Management -> Nutrient Management -> Plant Protection -> Weather -> Plant Protection -> Seeds and Planting Material -> Nutrient Management -> Plant Protection -> Plant Protection -> Nutrient Management -> Nutrient Management -> Nutrient Management -> Nutrient Management -> Nutrient Management -> Field Preparation -> Plant Protection -> Nutrient Management -> Nutrient Management -> Nutrient Management -> Nutrient Management -> Nutrient Management -> Plant Protection -> Plant Protection -> Nutrient Management -> Nutrient Management -> Plant Protection -> Nutrient Management -> Nutrient Management -> Nutrient Management -> Nutrient Management -> Nutrient Management -> Nutrient Management -> Plant Protection -> Plant Protection -> Nutrient Management -> Plant Protection -> Nutrient Management",Arecanut,KERALA,
KANNUR_Ash Gourd (Petha),Plant Protection -> Nutrient Management,Ash Gourd (Petha),KERALA,
KANNUR_Avacado,Nutrient Management -> Cultural Practices,Avacado,KERALA,
KANNUR_Banana,Nutrient Management -> Nutrient Management -> Plant Protection -> Plant Protection -> Nutrient Management -> Plant Protection -> Cultural Practices -> Nutrient Management -> Plant Protection -> Nutrient Management -> Nutrient Management -> Nutrient Management -> Cultural Practices -> Cultural Practices -> Nutrient Management -> Plant Protection -> Nutrient Management -> Plant Protection -> Nutrient Management -> Nutrient Management -> Nutrient Management -> Nutrient Management -> Nutrient Management -> Nutrient Management -> Nutrient Management -> Plant Protection -> Nutrient Management -> Plant Protection -> Nutrient Management -> Nutrient Management -> Plant Protection -> Nutrient Management -> Seeds and Planting Material -> Plant Protection -> Plant Protection,Banana,KERALA,
KANNUR_Betel Vine,Plant Protection,Betel Vine,KERALA,
KANNUR_Bhindi(Okra/Ladysfinger),"Nutrient Management -> Water Management, Micro Irrigation -> Plant Protection -> Organic Farming -> Field Preparation -> Nutrient Management",Bhindi(Okra/Ladysfinger),KERALA,
KANNUR_Bitter Gourd,Plant Protection -> Nutrient Management -> Plant Protection -> Plant Protection -> Cultural Practices -> Nutrient Management -> Nutrient Management -> Plant Protection -> Plant Protection -> Plant Protection,Bitter Gourd,KERALA,
KANNUR_Bottle Gourd,Plant Protection -> Plant Protection,Bottle Gourd,KERALA,
"KANNUR_Bovine(Cow,Buffalo)",Disease Management -> Disease Management,"Bovine(Cow,Buffalo)",KERALA,
KANNUR_Brinjal,Plant Protection -> Plant Protection -> Plant Protection -> Plant Protection -> Plant Protection -> Plant Protection -> Plant Protection -> Plant Protection -> Plant Protection,Brinjal,KERALA,
KANNUR_Cardamom,Nutrient Management,Cardamom,KERALA,
KANNUR_Cashew,Field Preparation -> Nutrient Management -> Nutrient Management -> Nutrient Management -> Nutrient Management -> Nutrient Management -> Cultural Practices -> Seeds and Planting Material,Cashew,KERALA,
KANNUR_Chillies,Plant Protection -> Nutrient Management -> Plant Protection -> Plant Protection -> Plant Protection -> Plant Protection -> Plant Protection -> Nutrient Management -> Cultural Practices -> Nutrient Management -> Plant Protection -> Nutrient Management -> Seeds and Planting Material -> Plant Protection,Chillies,KERALA,
KANNUR_Clove,Seeds and Planting Material,Clove,KERALA,
KANNUR_Cocoa,"Plant Protection -> Plant Protection -> Plant Protection -> Plant Protection -> Plant Protection -> Nutrient Management -> Nutrient Management -> Nutrient Management -> Water Management, Micro Irrigation -> Nutrient Management -> Cultural Practices",Cocoa,KERALA,
KANNUR_Coconut,"Nutrient Management -> Water Management, Micro Irrigation -> Nutrient Management -> Plant Protection -> Plant Protection -> Plant Protection -> Nutrient Management -> Nutrient Management -> Nutrient Management -> Nutrient Management -> Plant Protection -> Nutrient Management -> Plant Protection -> Plant Protection -> Plant Protection -> Fertilizer Use and Availability -> Plant Protection -> Plant Protection -> Plant Protection -> Plant Protection -> Cultural Practices -> Nutrient Management -> Cultural Practices -> Plant Protection -> Plant Protection -> Nursery Management -> Plant Protection -> Plant Protection -> Plant Protection -> Nutrient Management -> Plant Protection -> Nutrient Management -> Nutrient Management -> Plant Protection -> Plant Protection -> Nutrient Management -> Plant Protection -> Plant Protection -> Plant Protection -> Nutrient Management -> Nutrient Management -> Nutrient Management -> Nutrient Management -> Nutrient Management -> Nutrient Management -> Plant Protection -> Nutrient Management -> Nutrient Management -> Nutrient Management -> Nutrient Management -> Plant Protection -> Nutrient Management -> Nutrient Management -> Plant Protection -> Nutrient Management -> Nutrient Management -> Nutrient Management -> Plant Protection -> Plant Protection -> Plant Protection -> Nutrient Management -> Seeds and Planting Material -> Plant Protection -> Plant Protection -> Nutrient Management -> Nutrient Management -> Nutrient Management -> Nutrient Management -> Plant Protection -> Plant Protection -> Nutrient Management -> Plant Protection -> Plant Protection -> Plant Protection -> Cultural Practices -> Nutrient Management -> Nutrient Management -> Nutrient Management -> Nutrient Management -> Seeds and Planting Material -> Nutrient Management -> Fertilizer Use and Availability -> Nutrient Management -> Plant Protection -> Nutrient Management -> Nutrient Management -> Nutrient Management -> Plant Protection -> Plant Protection -> Plant Protection -> Nutrient Management -> Nutrient Management -> Plant Protection -> Plant Protection -> Nutrient Management -> Cultural Practices -> Nutrient Management -> Nutrient Management -> Plant Protection -> Nutrient Management -> Fertilizer Use and Availability",Coconut,KERALA,
KANNUR_Coffee,Cultural Practices,Coffee,KERALA,
"KANNUR_Colocasia (Arvi, Arbi)",Cultural Practices,"Colocasia (Arvi, Arbi)",KERALA,
KANNUR_Cowpea (Vegetable),Plant Protection -> Plant Protection -> Nutrient Management -> Seeds and Planting Material -> Seeds and Planting Material -> Plant Protection -> Nutrient Management -> Plant Protection -> Plant Protection -> Nutrient Management,Cowpea (Vegetable),KERALA,
KANNUR_Cucumber,Plant Protection -> Nutrient Management -> Nutrient Management -> Cultural Practices -> Plant Protection -> Plant Protection -> Plant Protection -> Plant Protection -> Nutrient Management -> Plant Protection -> Cultural Practices -> Cultural Practices -> Cultural Practices -> Nutrient Management -> Cultural Practices,Cucumber,KERALA,
KANNUR_Curry Leaf,Nutrient Management -> Plant Protection,Curry Leaf,KERALA,
KANNUR_Dolichos Bean,Plant Protection,Dolichos Bean,KERALA,
KANNUR_Fig,Plant Protection,Fig,KERALA,
KANNUR_Ginger,"Cultural Practices -> Cultural Practices -> Nutrient Management -> Nursery Management -> Plant Protection -> Post Harvest Management (Cleaning, Grading, Packaging, Food Processing, Cool Chain etc.)",Ginger,KERALA,
KANNUR_Goat,Market Information,Goat,KERALA,
KANNUR_Grape,Nutrient Management,Grape,KERALA,
KANNUR_Guava,Cultural Practices,Guava,KERALA,
KANNUR_Guineafowl,Dairy Production,Guineafowl,KERALA,
KANNUR_Hibiscus (Gurhal),Plant Protection -> Nutrient Management,Hibiscus (Gurhal),KERALA,
KANNUR_Ivy Gourd,Plant Protection -> Plant Protection -> Plant Protection -> Plant Protection -> Nutrient Management,Ivy Gourd,KERALA,
KANNUR_Jack Fruit,Plant Protection -> Plant Protection -> Nutrient Management -> Seeds and Planting Material -> Vegetative Propagation and Tissue Culture -> Plant Protection -> Organic Farming -> Plant Protection -> Plant Protection,Jack Fruit,KERALA,
KANNUR_Lemon,Plant Protection -> Plant Protection -> Nutrient Management,Lemon,KERALA,
KANNUR_Mango,"Plant Protection -> Plant Protection -> Seeds and Planting Material -> Cultural Practices -> Plant Protection -> Seeds and Planting Material -> Plant Protection -> Plant Protection -> Plant Protection -> Nutrient Management -> Plant Protection -> Plant Protection -> Plant Protection -> Nutrient Management -> Nutrient Management -> Nutrient Management -> Seeds and Planting Material -> Seeds and Planting Material -> Plant Protection -> Post Harvest Management (Cleaning, Grading, Packaging, Food Processing, Cool Chain etc.) -> Nutrient Management -> Plant Protection -> Seeds and Planting Material -> Plant Protection -> Plant Protection -> Plant Protection",Mango,KERALA,
KANNUR_Marigold,Plant Protection -> Plant Protection -> Nutrient Management,Marigold,KERALA,
KANNUR_Mosambi,Nutrient Management,Mosambi,KERALA,
KANNUR_Nutmeg,Nutrient Management -> Plant Protection -> Nutrient Management -> Nutrient Management -> Nutrient Management -> Plant Protection -> Plant Protection,Nutmeg,KERALA,
KANNUR_Oil palm,Plant Protection,Oil palm,KERALA,
KANNUR_Paddy (Dhan),Nutrient Management -> Nutrient Management -> Seeds -> Seeds -> Water Management -> Nutrient Management -> Nutrient Management -> Plant Protection,Paddy (Dhan),KERALA,
KANNUR_Papaya,Plant Protection -> Nutrient Management -> Nutrient Management -> Plant Protection -> Plant Protection -> Plant Protection -> Nutrient Management -> Plant Protection -> Nutrient Management -> Nutrient Management -> Nutrient Management,Papaya,KERALA,
KANNUR_Passion Fruit,Nutrient Management,Passion Fruit,KERALA,
KANNUR_Pepper,"Cultural Practices -> Plant Protection -> Weather -> Post Harvest Management (Cleaning, Grading, Packaging, Food Processing, Cool Chain etc.) -> Cultural Practices -> Cultural Practices -> Plant Protection -> Plant Protection -> Cultural Practices -> Cultural Practices -> Medicinal and Aromatic Plants -> Nutrient Management -> Nutrient Management -> Nutrient Management -> Plant Protection -> Seeds and Planting Material -> Nutrient Management -> Nutrient Management -> Nutrient Management -> Nutrient Management -> Nutrient Management -> Nutrient Management -> Cultural Practices -> Nutrient Management -> Nutrient Management -> Plant Protection -> Nutrient Management -> Nutrient Management -> Nutrient Management -> Weather -> Plant Protection -> Plant Protection -> Weather -> Plant Protection -> Plant Protection -> Plant Protection -> Cultural Practices -> Nutrient Management -> Nutrient Management -> Plant Protection -> Water Management, Micro Irrigation -> Plant Protection -> Water Management, Micro Irrigation -> Plant Protection -> Plant Protection -> Organic Farming -> Plant Protection -> Plant Protection -> Plant Protection -> Plant Protection -> Nutrient Management -> Seeds and Planting Material -> Nutrient Management -> Plant Protection -> Plant Protection -> Nutrient Management -> Plant Protection -> Plant Protection -> Nutrient Management -> Nutrient Management -> Plant Protection -> Plant Protection -> Plant Protection -> Nutrient Management -> Plant Protection -> Plant Protection -> Nutrient Management -> Nutrient Management -> Plant Protection -> Nutrient Management -> Nutrient Management -> Plant Protection -> Field Preparation",Pepper,KERALA,
KANNUR_Pineapple,Seeds and Planting Material,Pineapple,KERALA,
KANNUR_Ridge Gourd,Nutrient Management,Ridge Gourd,KERALA,
KANNUR_Rubber,"Water Management, Micro Irrigation -> Nutrient Management -> Nutrient Management -> Cultural Practices -> Nutrient Management -> Plant Protection -> Plant Protection -> Plant Protection -> Plant Protection -> Nutrient Management -> Nutrient Management -> Nutrient Management -> Cultural Practices -> Plant Protection -> Post Harvest Management (Cleaning, Grading, Packaging, Food Processing, Cool Chain etc.)",Rubber,KERALA,
KANNUR_Sapota,Nutrient Management -> Cultural Practices,Sapota,KERALA,
KANNUR_Tapioca (Cassava),Cultural Practices -> Nutrient Management -> Nutrient Management -> Nutrient Management -> Water Management -> Nutrient Management -> Nutrient Management -> Cultural Practices -> Nutrient Management -> Cultural Practices,Tapioca (Cassava),KERALA,
KANNUR_Teak,Plant Protection,Teak,KERALA,
KANNUR_Tomato,Plant Protection -> Plant Protection -> Nutrient Management -> Nutrient Management -> Plant Protection -> Nutrient Management,Tomato,KERALA,
KANNUR_Turmeric,"Market Information -> Nutrient Management -> Post Harvest Management (Cleaning, Grading, Packaging, Food Processing, Cool Chain etc.) -> Cultural Practices -> Cultural Practices -> Field Preparation -> Field Preparation -> Nutrient Management",Turmeric,KERALA,
KASARGOD_Amaranthus/Grain Amaranthus,Seeds and Planting Material -> Weather -> Weather,Amaranthus/Grain Amaranthus,KERALA,
KASARGOD_Amarphophallus (Surankand/Elephant Foot Yam),Plant Protection,Amarphophallus (Surankand/Elephant Foot Yam),KERALA,
KASARGOD_Arecanut,"Plant Protection -> Nutrient Management -> Cultural Practices -> Cultural Practices -> Weather -> Plant Protection -> Plant Protection -> Weather -> Weather -> Weather -> Cultural Practices -> Nutrient Management -> Nutrient Management -> Plant Protection -> Nutrient Management -> Nutrient Management -> Nutrient Management -> Plant Protection -> Nutrient Management -> Plant Protection -> Plant Protection -> Water Management -> Nutrient Management -> Nutrient Management -> Nutrient Management -> Nutrient Management -> Nutrient Management -> Nutrient Management -> Nutrient Management -> Nutrient Management -> Nutrient Management -> Nutrient Management -> Nutrient Management -> Nutrient Management -> Plant Protection -> Nutrient Management -> Post Harvest Management (Cleaning, Grading, Packaging, Food Processing, Cool Chain etc.) -> Nutrient Management -> Plant Protection -> Plant Protection -> Nutrient Management -> Plant Protection -> Plant Protection -> Nutrient Management -> Nutrient Management -> Plant Protection -> Nutrient Management -> Nutrient Management -> Nutrient Management -> Nutrient Management -> Plant Protection -> Nutrient Management",Arecanut,KERALA,
KASARGOD_Banana,"Plant Protection -> Plant Protection -> Nutrient Management -> Nutrient Management -> Plant Protection -> Nutrient Management -> Nutrient Management -> Nutrient Management -> Plant Protection -> Water Management, Micro Irrigation -> Plant Protection -> Nutrient Management -> Nutrient Management -> Nutrient Management -> Water Management, Micro Irrigation",Banana,KERALA,
KASARGOD_Betel Vine,Cultural Practices,Betel Vine,KERALA,
KASARGOD_Bhindi(Okra/Ladysfinger),Cultural Practices,Bhindi(Okra/Ladysfinger),KERALA,
KASARGOD_Bitter Gourd,Credit -> Plant Protection -> Plant Protection -> Plant Protection -> Plant Protection,Bitter Gourd,KERALA,
KASARGOD_Bottle Gourd,"Water Management, Micro Irrigation -> Water Management",Bottle Gourd,KERALA,
"KASARGOD_Bovine(Cow,Buffalo)",Disease Management -> Dairy Production -> Dairy Production,"Bovine(Cow,Buffalo)",KERALA,
KASARGOD_Brinjal,"Cultural Practices -> Water Management, Micro Irrigation",Brinjal,KERALA,
KASARGOD_Cashew,Seeds and Planting Material -> Seeds and Planting Material,Cashew,KERALA,
KASARGOD_Cauliflower,Nutrient Management,Cauliflower,KERALA,
KASARGOD_Chillies,Plant Protection -> Nutrient Management -> Plant Protection -> Nutrient Management -> Plant Protection,Chillies,KERALA,
KASARGOD_China Astor,Nutrient Management,China Astor,KERALA,
KASARGOD_Chrysanthemum,Nutrient Management,Chrysanthemum,KERALA,
KASARGOD_Cocoa,Nutrient Management,Cocoa,KERALA,
KASARGOD_Coconut,"Nutrient Management -> Plant Protection -> Nutrient Management -> Field Preparation -> Field Preparation -> Field Preparation -> Nutrient Management -> Nutrient Management -> Plant Protection -> Plant Protection -> Nutrient Management -> Plant Protection -> Plant Protection -> Plant Protection -> Nutrient Management -> Nutrient Management -> Nutrient Management -> Nutrient Management -> Nutrient Management -> Water Management, Micro Irrigation -> Water Management -> Fertilizer Use and Availability",Coconut,KERALA,
KASARGOD_Coffee,Nutrient Management,Coffee,KERALA,
KASARGOD_Cowpea (Vegetable),Plant Protection -> Plant Protection -> Plant Protection -> Plant Protection -> Nutrient Management,Cowpea (Vegetable),KERALA,
KASARGOD_Cucumber,Field Preparation -> Nutrient Management -> Plant Protection,Cucumber,KERALA,
KASARGOD_Drum Stick,Cultural Practices,Drum Stick,KERALA,
KASARGOD_Fresh Water,Fish  Marketing -> Fishery Nutrition,Fresh Water,KERALA,
KASARGOD_Ginger,Cultural Practices -> Nutrient Management -> Plant Protection -> Cultural Practices -> Plant Protection -> Nutrient Management,Ginger,KERALA,
KASARGOD_Goat,Cattle shed Planning and Management,Goat,KERALA,
KASARGOD_Ivy Gourd,Cultural Practices -> Plant Protection -> Plant Protection -> Plant Protection,Ivy Gourd,KERALA,
KASARGOD_Jasmine,Cultural Practices,Jasmine,KERALA,
KASARGOD_Mango,Nutrient Management -> Plant Protection -> Plant Protection -> Plant Protection,Mango,KERALA,
KASARGOD_Marigold,Seeds and Planting Material -> Nutrient Management,Marigold,KERALA,
KASARGOD_Nutmeg,Weather -> Cultural Practices,Nutmeg,KERALA,
KASARGOD_Oil palm,Cultural Practices,Oil palm,KERALA,
KASARGOD_Paddy (Dhan),Nutrient Management -> Sowing Time and Weather -> Plant Protection -> Nutrient Management -> Nutrient Management -> Nutrient Management -> Seeds -> Plant Protection -> Nutrient Management -> Weather,Paddy (Dhan),KERALA,
KASARGOD_Pepper,Weather -> Seeds and Planting Material -> Plant Protection -> Plant Protection -> Nutrient Management,Pepper,KERALA,
KASARGOD_Rubber,"Weather -> Plant Protection -> Nutrient Management -> Nutrient Management -> Nutrient Management -> Water Management, Micro Irrigation -> Cultural Practices -> Post Harvest Preservation -> Post Harvest Management (Cleaning, Grading, Packaging, Food Processing, Cool Chain etc.) -> Water Management, Micro Irrigation -> Cultural Practices -> Post Harvest Management (Cleaning, Grading, Packaging, Food Processing, Cool Chain etc.)",Rubber,KERALA,
KASARGOD_Sorghum (Jowar/Great Millet),Weed Management,Sorghum (Jowar/Great Millet),KERALA,
KASARGOD_Sweet Potato,Nutrient Management,Sweet Potato,KERALA,
KASARGOD_Tapioca (Cassava),Plant Protection,Tapioca (Cassava),KERALA,
KASARGOD_Tomato,"Plant Protection -> Water Management, Micro Irrigation",Tomato,KERALA,
KASARGOD_Watermelon,Cultural Practices,Watermelon,KERALA,
KOLLAM_Acid Lime,Nutrient Management,Acid Lime,KERALA,
KOLLAM_Amaranthus/Grain Amaranthus,"Post Harvest Management (Cleaning, Grading, Packaging, Food Processing, Cool Chain etc.) -> Nutrient Management",Amaranthus/Grain Amaranthus,KERALA,
KOLLAM_Aonla,Nutrient Management,Aonla,KERALA,
KOLLAM_Arecanut,Seeds and Planting Material -> Cultural Practices -> Plant Protection -> Plant Protection,Arecanut,KERALA,
KOLLAM_Avacado,Field Preparation -> Nutrient Management,Avacado,KERALA,
KOLLAM_Banana,Field Preparation -> Nutrient Management -> Nutrient Management -> Seeds and Planting Material -> Plant Protection -> Plant Protection -> Nutrient Management -> Nutrient Management -> Nutrient Management -> Nutrient Management -> Nutrient Management -> Nutrient Management -> Nutrient Management -> Nutrient Management -> Nutrient Management -> Nutrient Management -> Plant Protection -> Nutrient Management -> Nutrient Management -> Plant Protection -> Cultural Practices -> Nutrient Management -> Nutrient Management -> Seeds and Planting Material -> Plant Protection -> Nutrient Management -> Nutrient Management -> Nutrient Management -> Plant Protection -> Cultural Practices -> Nutrient Management -> Nutrient Management -> Fertilizer Use and Availability -> Plant Protection -> Nutrient Management -> Field Preparation -> Nutrient Management,Banana,KERALA,
KOLLAM_Beekeeping,Cultural Practices -> Cultural Practices,Beekeeping,KERALA,
KOLLAM_Bhindi(Okra/Ladysfinger),Plant Protection,Bhindi(Okra/Ladysfinger),KERALA,
KOLLAM_Bitter Gourd,Plant Protection -> Plant Protection -> Plant Protection,Bitter Gourd,KERALA,
KOLLAM_Bottle Gourd,Plant Protection,Bottle Gourd,KERALA,
KOLLAM_Brinjal,Plant Protection,Brinjal,KERALA,
KOLLAM_Cashew,Seeds and Planting Material -> Seeds and Planting Material,Cashew,KERALA,
KOLLAM_Chillies,Nutrient Management -> Plant Protection -> Plant Protection -> Soil Testing -> Plant Protection -> Plant Protection -> Plant Protection,Chillies,KERALA,
KOLLAM_Coconut,Plant Protection -> Plant Protection -> Nutrient Management -> Nutrient Management -> Plant Protection -> Plant Protection -> Nutrient Management -> Plant Protection -> Nutrient Management -> Nutrient Management -> Plant Protection -> Nutrient Management -> Nutrient Management -> Plant Protection -> Plant Protection -> Nutrient Management -> Nutrient Management -> Seeds and Planting Material -> Nutrient Management -> Nutrient Management -> Nutrient Management -> Nutrient Management -> Plant Protection -> Nutrient Management -> Nutrient Management -> Seeds and Planting Material -> Plant Protection -> Nutrient Management -> Nutrient Management -> Nutrient Management -> Nutrient Management -> Nutrient Management -> Plant Protection -> Field Preparation -> Seeds and Planting Material -> Plant Protection -> Seeds and Planting Material -> Plant Protection -> Nutrient Management -> Nutrient Management -> Nutrient Management -> Plant Protection -> Plant Protection -> Plant Protection -> Nursery Management -> Nutrient Management -> Nutrient Management -> Field Preparation -> Nutrient Management -> Plant Protection -> Nutrient Management -> Plant Protection,Coconut,KERALA,
KOLLAM_Coffee,Agriculture Mechanization,Coffee,KERALA,
KOLLAM_Cowpea (Vegetable),Nutrient Management -> Plant Protection -> Plant Protection -> Plant Protection -> Plant Protection -> Plant Protection -> Plant Protection -> Plant Protection -> Plant Protection -> Plant Protection -> Plant Protection -> Plant Protection,Cowpea (Vegetable),KERALA,
KOLLAM_Cucumber,Nutrient Management -> Seeds and Planting Material -> Plant Protection -> Nutrient Management,Cucumber,KERALA,
KOLLAM_Dog,Disease Management,Dog,KERALA,
KOLLAM_Drum Stick,Nutrient Management,Drum Stick,KERALA,
KOLLAM_Ginger,Cultural Practices -> Plant Protection -> Cultural Practices,Ginger,KERALA,
KOLLAM_Guava,Plant Protection -> Nutrient Management -> Nutrient Management,Guava,KERALA,
KOLLAM_Ivy Gourd,Seeds and Planting Material -> Cultural Practices,Ivy Gourd,KERALA,
KOLLAM_Jack Fruit,Plant Protection -> Nutrient Management -> Nutrient Management -> Nutrient Management -> Nutrient Management -> Nutrient Management -> Nutrient Management -> Market Information -> Plant Protection -> Plant Protection -> Plant Protection,Jack Fruit,KERALA,
KOLLAM_Kiwi Fruit,Plant Protection,Kiwi Fruit,KERALA,
KOLLAM_Kokum,Nutrient Management,Kokum,KERALA,
KOLLAM_Litchi,Vegetative Propagation and Tissue Culture,Litchi,KERALA,
KOLLAM_Loquat,Plant Protection,Loquat,KERALA,
KOLLAM_Mango,Plant Protection -> Plant Protection -> Nutrient Management -> Plant Protection -> Nutrient Management -> Plant Protection -> Cultural Practices -> Plant Protection -> Cultural Practices -> Plant Protection -> Nutrient Management -> Plant Protection -> Plant Protection -> Nutrient Management -> Plant Protection,Mango,KERALA,
KOLLAM_Nutmeg,Plant Protection,Nutmeg,KERALA,
KOLLAM_POULTRY  FARM,Disease Management,POULTRY  FARM,KERALA,
KOLLAM_Paddy (Dhan),Weed Management,Paddy (Dhan),KERALA,
KOLLAM_Passion Fruit,Nutrient Management,Passion Fruit,KERALA,
KOLLAM_Pea (Vegetable),Nutrient Management,Pea (Vegetable),KERALA,
KOLLAM_Pepper,Seeds and Planting Material -> Nutrient Management -> Nutrient Management -> Nutrient Management,Pepper,KERALA,
KOLLAM_Pineapple,Seeds and Planting Material,Pineapple,KERALA,
KOLLAM_Rose,Plant Protection,Rose,KERALA,
KOLLAM_Rubber,Plant Protection -> Cultural Practices -> Plant Protection -> Plant Protection -> Plant Protection -> Cultural Practices -> Cultural Practices -> Cultural Practices -> Nutrient Management -> Fertilizer Use and Availability -> Nutrient Management -> Nutrient Management,Rubber,KERALA,
KOLLAM_Sugarcane (Noble Cane),Plant Protection -> Nutrient Management,Sugarcane (Noble Cane),KERALA,
KOLLAM_Tapioca (Cassava),Plant Protection -> Nutrient Management -> Plant Protection -> Plant Protection -> Varieties,Tapioca (Cassava),KERALA,
KOLLAM_Tomato,Plant Protection -> Plant Protection -> Nutrient Management,Tomato,KERALA,
KOLLAM_Turmeric,"Cultural Practices -> Cultural Practices -> Post Harvest Management (Cleaning, Grading, Packaging, Food Processing, Cool Chain etc.)",Turmeric,KERALA,
KOTTAYAM_Amaranthus/Grain Amaranthus,Plant Protection,Amaranthus/Grain Amaranthus,KERALA,
KOTTAYAM_Amarphophallus (Surankand/Elephant Foot Yam),Plant Protection -> Cultural Practices -> Field Preparation,Amarphophallus (Surankand/Elephant Foot Yam),KERALA,
KOTTAYAM_Anthurium,Plant Protection,Anthurium,KERALA,
KOTTAYAM_Aonla,Vegetative Propagation and Tissue Culture,Aonla,KERALA,
KOTTAYAM_Apple,Plant Protection,Apple,KERALA,
KOTTAYAM_Arecanut,Cultural Practices -> Cultural Practices -> Field Preparation -> Nutrient Management -> Plant Protection -> Nutrient Management -> Plant Protection -> Nutrient Management -> Nutrient Management -> Nutrient Management -> Plant Protection,Arecanut,KERALA,
KOTTAYAM_Ash Gourd (Petha),Nutrient Management,Ash Gourd (Petha),KERALA,
KOTTAYAM_Bail,Plant Protection,Bail,KERALA,
KOTTAYAM_Banana,"Plant Protection -> Nutrient Management -> Water Management, Micro Irrigation -> Plant Protection -> Nutrient Management -> Nutrient Management -> Cultural Practices -> Nutrient Management -> Nutrient Management -> Nutrient Management -> Nutrient Management -> Plant Protection -> Vegetative Propagation and Tissue Culture -> Nutrient Management -> Plant Protection -> Nutrient Management -> Plant Protection -> Cultural Practices -> Plant Protection -> Plant Protection -> Nutrient Management -> Nutrient Management -> Nutrient Management -> Plant Protection -> Nutrient Management -> Plant Protection -> Nutrient Management -> Nutrient Management -> Nutrient Management -> Nutrient Management -> Nutrient Management -> Seeds and Planting Material -> Nutrient Management -> Plant Protection -> Market Information -> Nutrient Management -> Plant Protection -> Seeds and Planting Material -> Fertilizer Use and Availability -> Nutrient Management -> Nutrient Management -> Bio-Pesticides and Bio-Fertilizers -> Nutrient Management -> Agriculture Mechanization -> Nutrient Management -> Nutrient Management -> Nutrient Management -> Nutrient Management",Banana,KERALA,
KOTTAYAM_Betel Vine,Plant Protection,Betel Vine,KERALA,
KOTTAYAM_Bhindi(Okra/Ladysfinger),Plant Protection -> Plant Protection -> Nutrient Management -> Plant Protection -> Plant Protection -> Plant Protection -> Organic Farming -> Seeds and Planting Material -> Organic Farming -> Plant Protection -> Nutrient Management -> Nutrient Management,Bhindi(Okra/Ladysfinger),KERALA,
KOTTAYAM_Bitter Gourd,Plant Protection,Bitter Gourd,KERALA,
KOTTAYAM_Brinjal,Plant Protection -> Weather -> Plant Protection,Brinjal,KERALA,
KOTTAYAM_Chillies,"Post Harvest Management (Cleaning, Grading, Packaging, Food Processing, Cool Chain etc.) -> Plant Protection -> Plant Protection -> Agriculture Mechanization -> Nutrient Management -> Plant Protection -> Plant Protection -> Nutrient Management -> Plant Protection -> Plant Protection -> Plant Protection -> Plant Protection -> Seeds and Planting Material -> Plant Protection",Chillies,KERALA,
KOTTAYAM_Cinnamon,Cultural Practices,Cinnamon,KERALA,
KOTTAYAM_Citrus,Plant Protection -> Nutrient Management -> Nutrient Management,Citrus,KERALA,
KOTTAYAM_Cocoa,Cultural Practices -> Cultural Practices -> Nutrient Management,Cocoa,KERALA,
KOTTAYAM_Coconut,"Post Harvest Management (Cleaning, Grading, Packaging, Food Processing, Cool Chain etc.) -> Seeds and Planting Material -> Plant Protection -> Plant Protection -> Nutrient Management -> Nutrient Management -> Nutrient Management -> Plant Protection -> Plant Protection -> Plant Protection -> Plant Protection -> Field Preparation -> Plant Protection -> Water Management, Micro Irrigation -> Nutrient Management -> Plant Protection -> Plant Protection -> Plant Protection -> Plant Protection -> Seeds and Planting Material -> Nutrient Management -> Seeds and Planting Material -> Field Preparation -> Seeds and Planting Material -> Nutrient Management -> Nutrient Management -> Nutrient Management -> Nutrient Management -> Plant Protection -> Nutrient Management -> Nutrient Management -> Nutrient Management -> Nutrient Management -> Plant Protection -> Nutrient Management -> Plant Protection -> Plant Protection -> Nutrient Management -> Nutrient Management -> Plant Protection -> Nutrient Management -> Nutrient Management -> Nutrient Management -> Plant Protection -> Nutrient Management -> Nutrient Management -> Plant Protection -> Nutrient Management -> Plant Protection -> Nutrient Management -> Plant Protection -> Plant Protection -> Plant Protection -> Nutrient Management -> Plant Protection -> Plant Protection -> Nutrient Management -> Plant Protection -> Plant Protection -> Plant Protection -> Plant Protection -> Plant Protection -> Plant Protection -> Plant Protection -> Seeds and Planting Material -> Plant Protection -> Nutrient Management -> Plant Protection -> Nutrient Management -> Nutrient Management -> Plant Protection -> Plant Protection -> Plant Protection -> Cultural Practices -> Plant Protection -> Nutrient Management -> Plant Protection -> Plant Protection -> Nutrient Management -> Nutrient Management -> Plant Protection",Coconut,KERALA,
KOTTAYAM_Coffee,Nutrient Management,Coffee,KERALA,
"KOTTAYAM_Colocasia (Arvi, Arbi)",Plant Protection -> Nutrient Management -> Nutrient Management,"Colocasia (Arvi, Arbi)",KERALA,
KOTTAYAM_Cowpea (Vegetable),Plant Protection -> Plant Protection -> Plant Protection -> Plant Protection -> Plant Protection -> Plant Protection -> Nutrient Management -> Nutrient Management -> Nutrient Management -> Plant Protection -> Plant Protection -> Plant Protection -> Plant Protection -> Plant Protection,Cowpea (Vegetable),KERALA,
KOTTAYAM_Curry Leaf,Plant Protection -> Plant Protection,Curry Leaf,KERALA,
KOTTAYAM_Custard Apple,Nutrient Management -> Plant Protection,Custard Apple,KERALA,
KOTTAYAM_Drum Stick,Plant Protection -> Plant Protection,Drum Stick,KERALA,
KOTTAYAM_Ginger,Cultural Practices -> Field Preparation -> Plant Protection -> Plant Protection -> Plant Protection -> Plant Protection,Ginger,KERALA,
KOTTAYAM_Grape,Plant Protection -> Seeds and Planting Material,Grape,KERALA,
KOTTAYAM_Guava,Plant Protection -> Plant Protection,Guava,KERALA,
KOTTAYAM_Ivy Gourd,Plant Protection -> Plant Protection -> Plant Protection -> Nutrient Management -> Plant Protection -> Nutrient Management,Ivy Gourd,KERALA,
KOTTAYAM_Jack Fruit,Plant Protection -> Plant Protection -> Seeds and Planting Material -> Seeds and Planting Material -> Cultural Practices -> Seeds and Planting Material -> Nutrient Management -> Plant Protection -> Cultural Practices -> Nutrient Management -> Plant Protection -> Plant Protection -> Nutrient Management -> Nutrient Management -> Field Preparation -> Plant Protection,Jack Fruit,KERALA,
KOTTAYAM_Kokum,"Post Harvest Management (Cleaning, Grading, Packaging, Food Processing, Cool Chain etc.)",Kokum,KERALA,
KOTTAYAM_Lemon,Nutrient Management,Lemon,KERALA,
KOTTAYAM_Mango,Plant Protection -> Nutrient Management -> Nutrient Management -> Plant Protection -> Market Information -> Plant Protection -> Plant Protection -> Old/Senile Orchard Rejuvenation -> Plant Protection -> Plant Protection -> Plant Protection -> Nutrient Management -> Nutrient Management -> Plant Protection -> Plant Protection -> Plant Protection -> Plant Protection -> Plant Protection -> Cultural Practices -> Cultural Practices -> Cultural Practices -> Cultural Practices -> Plant Protection -> Plant Protection -> Vegetative Propagation and Tissue Culture -> Vegetative Propagation and Tissue Culture -> Plant Protection -> Cultural Practices,Mango,KERALA,
KOTTAYAM_Nutmeg,Plant Protection -> Nutrient Management -> Nutrient Management -> Nutrient Management -> Plant Protection -> Nutrient Management -> Plant Protection -> Plant Protection -> Nutrient Management -> Nutrient Management -> Nutrient Management -> Nutrient Management -> Nutrient Management -> Plant Protection -> Nutrient Management -> Nutrient Management -> Plant Protection -> Plant Protection -> Plant Protection -> Plant Protection -> Nutrient Management -> Plant Protection -> Fertilizer Use and Availability -> Nutrient Management -> Plant Protection -> Nutrient Management -> Nutrient Management -> Nutrient Management -> Nutrient Management -> Plant Protection -> Nutrient Management -> Plant Protection -> Nutrient Management -> Plant Protection -> Nutrient Management -> Organic Farming -> Nutrient Management,Nutmeg,KERALA,
KOTTAYAM_Oats,Weed Management,Oats,KERALA,
KOTTAYAM_Onion,Cultural Practices,Onion,KERALA,
KOTTAYAM_Orange,Nutrient Management -> Nutrient Management -> Plant Protection,Orange,KERALA,
KOTTAYAM_Other,Plant Protection,Other,KERALA,
KOTTAYAM_Paddy (Dhan),Plant Protection -> Weather -> Weather -> Weather -> Weather -> Nutrient Management -> Weather -> Nutrient Management -> Plant Protection -> Seeds -> Cultural Practices -> Cultural Practices -> Plant Protection,Paddy (Dhan),KERALA,
KOTTAYAM_Papaya,Seeds and Planting Material -> Seeds and Planting Material -> Cultural Practices -> Cultural Practices -> Field Preparation -> Seeds and Planting Material -> Field Preparation -> Nutrient Management -> Plant Protection -> Plant Protection,Papaya,KERALA,
KOTTAYAM_Pea (Vegetable),Plant Protection,Pea (Vegetable),KERALA,
KOTTAYAM_Pepper,"Seeds and Planting Material -> Cultural Practices -> Plant Protection -> Cultural Practices -> Post Harvest Management (Cleaning, Grading, Packaging, Food Processing, Cool Chain etc.) -> Cultural Practices -> Nutrient Management -> Seeds and Planting Material -> Nutrient Management -> Seeds and Planting Material -> Cultural Practices -> Spices and Condiment Crops -> Seeds and Planting Material -> Nutrient Management -> Nutrient Management -> Nutrient Management -> Spices and Condiment Crops -> Nutrient Management -> Plant Protection -> Plant Protection",Pepper,KERALA,
KOTTAYAM_Pineapple,Field Preparation,Pineapple,KERALA,
KOTTAYAM_Pomegranate,Cultural Practices -> Plant Protection -> Organic Farming,Pomegranate,KERALA,
KOTTAYAM_Pumpkin,Plant Protection -> Plant Protection,Pumpkin,KERALA,
KOTTAYAM_Rose,Nutrient Management -> Plant Protection -> Nutrient Management,Rose,KERALA,
KOTTAYAM_Rubber,"Cultural Practices -> Cultural Practices -> Cultural Practices -> Cultural Practices -> Cultural Practices -> Cultural Practices -> Nutrient Management -> Cultural Practices -> Post Harvest Management (Cleaning, Grading, Packaging, Food Processing, Cool Chain etc.) -> Post Harvest Management (Cleaning, Grading, Packaging, Food Processing, Cool Chain etc.)",Rubber,KERALA,
KOTTAYAM_Sapota,Plant Protection -> Nutrient Management,Sapota,KERALA,
KOTTAYAM_Snake Gourd,Nutrient Management -> Plant Protection,Snake Gourd,KERALA,
KOTTAYAM_Sweet Potato,Cultural Practices,Sweet Potato,KERALA,
KOTTAYAM_Tapioca (Cassava),Bio-Pesticides and Bio-Fertilizers -> Organic Farming -> Nutrient Management -> Nutrient Management -> Plant Protection -> Plant Protection -> Plant Protection -> Cultural Practices -> Cultural Practices -> Plant Protection -> Plant Protection -> Plant Protection -> Plant Protection -> Plant Protection -> Market Information -> Bio-Pesticides and Bio-Fertilizers -> Water Management -> Plant Protection,Tapioca (Cassava),KERALA,
KOTTAYAM_Teak,Nutrient Management -> Nutrient Management,Teak,KERALA,
KOTTAYAM_Tomato,Plant Protection -> Plant Protection -> Plant Protection -> Nutrient Management -> Nutrient Management,Tomato,KERALA,
KOTTAYAM_Turmeric,"Post Harvest Management (Cleaning, Grading, Packaging, Food Processing, Cool Chain etc.)",Turmeric,KERALA,
KOZHIKODE_Acid Lime,Field Preparation -> Nutrient Management,Acid Lime,KERALA,
KOZHIKODE_Aloe Vera,Seeds and Planting Material,Aloe Vera,KERALA,
KOZHIKODE_Amaranthus/Grain Amaranthus,Plant Protection -> Cultural Practices -> Field Preparation -> Nutrient Management -> Plant Protection -> Plant Protection,Amaranthus/Grain Amaranthus,KERALA,
KOZHIKODE_Amarphophallus (Surankand/Elephant Foot Yam),Cultural Practices,Amarphophallus (Surankand/Elephant Foot Yam),KERALA,
KOZHIKODE_Aonla,Nutrient Management -> Nutrient Management,Aonla,KERALA,
KOZHIKODE_Arecanut,Plant Protection -> Plant Protection -> Nutrient Management -> Nutrient Management -> Plant Protection -> Field Preparation -> Vegetative Propagation and Tissue Culture -> Plant Protection -> Plant Protection -> Plant Protection -> Nutrient Management -> Nutrient Management -> Nutrient Management -> Nutrient Management -> Cultural Practices -> Nutrient Management -> Nutrient Management -> Nutrient Management -> Plant Protection -> Agriculture Mechanization -> Nutrient Management -> Nutrient Management -> Nutrient Management -> Nutrient Management -> Nutrient Management -> Nutrient Management -> Nutrient Management -> Nutrient Management -> Plant Protection -> Nutrient Management -> Plant Protection -> Nutrient Management -> Nutrient Management -> Seeds and Planting Material -> Nutrient Management -> Nutrient Management -> Plant Protection -> Nutrient Management -> Nutrient Management -> Field Preparation -> Plant Protection -> Nutrient Management -> Plant Protection,Arecanut,KERALA,
KOZHIKODE_Ash Gourd (Petha),Plant Protection -> Nutrient Management -> Cultural Practices -> Plant Protection -> Nutrient Management -> Plant Protection -> Nutrient Management,Ash Gourd (Petha),KERALA,
KOZHIKODE_Avacado,Nutrient Management,Avacado,KERALA,
KOZHIKODE_Bail,Vegetative Propagation and Tissue Culture,Bail,KERALA,
KOZHIKODE_Banana,Nutrient Management -> Plant Protection -> Plant Protection -> Plant Protection -> Nutrient Management -> Nutrient Management -> Nutrient Management -> Nutrient Management -> Nutrient Management -> Plant Protection -> Plant Protection -> Plant Protection -> Field Preparation -> Organic Farming -> Nutrient Management -> Nutrient Management -> Nutrient Management -> Weather -> Field Preparation -> Plant Protection -> Nutrient Management -> Nutrient Management -> Nutrient Management -> Nutrient Management -> Nutrient Management -> Plant Protection -> Nutrient Management -> Cultural Practices -> Plant Protection -> Seeds and Planting Material -> Seeds and Planting Material -> Plant Protection -> Plant Protection -> Plant Protection -> Agriculture Mechanization -> Plant Protection -> Plant Protection -> Plant Protection -> Field Preparation -> Cultural Practices -> Plant Protection -> Plant Protection -> Plant Protection -> Nutrient Management -> Plant Protection,Banana,KERALA,
KOZHIKODE_Beekeeping,Cultural Practices -> Storage,Beekeeping,KERALA,
KOZHIKODE_Ber,Seeds and Planting Material -> Seeds and Planting Material -> Seeds and Planting Material,Ber,KERALA,
KOZHIKODE_Bhindi(Okra/Ladysfinger),Plant Protection -> Field Preparation -> Nutrient Management -> Plant Protection -> Nutrient Management -> Plant Protection -> Plant Protection,Bhindi(Okra/Ladysfinger),KERALA,
KOZHIKODE_Bitter Gourd,Plant Protection -> Plant Protection -> Nutrient Management,Bitter Gourd,KERALA,
KOZHIKODE_Bottle Gourd,Nutrient Management -> Nutrient Management -> Nutrient Management -> Plant Protection,Bottle Gourd,KERALA,
"KOZHIKODE_Bovine(Cow,Buffalo)",Cattle shed Planning and Management,"Bovine(Cow,Buffalo)",KERALA,
KOZHIKODE_Brinjal,Organic Farming -> Nutrient Management -> Nutrient Management -> Cultural Practices -> Plant Protection -> Plant Protection -> Nutrient Management,Brinjal,KERALA,
KOZHIKODE_Chillies,Plant Protection -> Nutrient Management -> Plant Protection -> Nutrient Management -> Nutrient Management -> Plant Protection -> Plant Protection -> Field Preparation -> Plant Protection -> Plant Protection -> Nutrient Management -> Cultural Practices -> Plant Protection -> Plant Protection -> Nutrient Management -> Plant Protection -> Plant Protection -> Seeds and Planting Material,Chillies,KERALA,
KOZHIKODE_Citrus,Nutrient Management -> Nutrient Management -> Nutrient Management,Citrus,KERALA,
KOZHIKODE_Cocoa,Nutrient Management -> Seeds and Planting Material -> Nutrient Management,Cocoa,KERALA,
KOZHIKODE_Coconut,"Plant Protection -> Plant Protection -> Nutrient Management -> Nutrient Management -> Plant Protection -> Plant Protection -> Nutrient Management -> Nutrient Management -> Nutrient Management -> Nutrient Management -> Agriculture Mechanization -> Nutrient Management -> Water Management, Micro Irrigation -> Plant Protection -> Plant Protection -> Field Preparation -> Plant Protection -> Water Management, Micro Irrigation -> Field Preparation -> Water Management, Micro Irrigation -> Nutrient Management -> Field Preparation -> Nutrient Management -> Water Management, Micro Irrigation -> Nutrient Management -> Cultural Practices -> Cultural Practices -> Seeds and Planting Material -> Seeds and Planting Material -> Seeds and Planting Material -> Seeds and Planting Material -> Plant Protection -> Nutrient Management -> Nutrient Management -> Nutrient Management -> Nutrient Management -> Nutrient Management -> Nutrient Management -> Nutrient Management -> Field Preparation -> Nutrient Management -> Plant Protection -> Cultural Practices -> Nutrient Management -> Nutrient Management -> Plant Protection -> Nutrient Management -> Nutrient Management -> Nutrient Management -> Nutrient Management -> Organic Farming -> Nutrient Management -> Nutrient Management -> Nutrient Management -> Plant Protection -> Plant Protection -> Plant Protection -> Plant Protection -> Nutrient Management -> Nutrient Management -> Nutrient Management -> Nutrient Management -> Nutrient Management -> Nutrient Management -> Plant Protection -> Nutrient Management -> Plant Protection -> Nutrient Management -> Nutrient Management -> Nutrient Management -> Fertilizer Use and Availability -> Fertilizer Use and Availability -> Nutrient Management -> Nutrient Management -> Nutrient Management -> Nutrient Management -> Seeds and Planting Material -> Seeds and Planting Material -> Plant Protection -> Nutrient Management -> Cultural Practices -> Nutrient Management -> Nutrient Management -> Nutrient Management -> Nutrient Management -> Nutrient Management -> Plant Protection -> Nutrient Management -> Plant Protection -> Nutrient Management -> Plant Protection -> Nutrient Management -> Plant Protection -> Cultural Practices -> Plant Protection -> Plant Protection -> Plant Protection -> Nutrient Management -> Nutrient Management -> Nutrient Management -> Nutrient Management -> Field Preparation",Coconut,KERALA,
"KOZHIKODE_Colocasia (Arvi, Arbi)",Plant Protection,"Colocasia (Arvi, Arbi)",KERALA,
KOZHIKODE_Cowpea (Vegetable),Plant Protection -> Plant Protection -> Nutrient Management -> Plant Protection -> Organic Farming -> Plant Protection -> Nutrient Management -> Cultural Practices -> Plant Protection -> Seeds and Planting Material -> Plant Protection -> Plant Protection -> Plant Protection -> Plant Protection -> Plant Protection -> Nutrient Management -> Seeds and Planting Material -> Seeds and Planting Material -> Seeds and Planting Material -> Seeds and Planting Material -> Organic Farming,Cowpea (Vegetable),KERALA,
KOZHIKODE_Cucumber,Nutrient Management -> Cultural Practices -> Plant Protection -> Seeds and Planting Material -> Plant Protection -> Nutrient Management -> Plant Protection -> Plant Protection,Cucumber,KERALA,
KOZHIKODE_Curry Leaf,Plant Protection -> Cultural Practices -> Plant Protection -> Plant Protection -> Plant Protection,Curry Leaf,KERALA,
KOZHIKODE_Custard Apple,Weather -> Seeds and Planting Material,Custard Apple,KERALA,
KOZHIKODE_DatePalm,Plant Protection,DatePalm,KERALA,
KOZHIKODE_Drum Stick,Plant Protection -> Nutrient Management -> Plant Protection -> Plant Protection,Drum Stick,KERALA,
KOZHIKODE_Duck,"Market Information -> Market Information -> Animal Production (Piggery, Goatery, Sheep Farming etc.)",Duck,KERALA,
KOZHIKODE_Ginger,Seeds and Planting Material -> Spices and Condiment Crops -> Plant Protection -> Plant Protection -> Plant Protection -> Plant Protection,Ginger,KERALA,
KOZHIKODE_Goat,Cattle shed Planning and Management,Goat,KERALA,
KOZHIKODE_Grape,Nutrient Management,Grape,KERALA,
KOZHIKODE_Guava,Plant Protection -> Plant Protection -> Nutrient Management -> Plant Protection -> Nutrient Management -> Nutrient Management,Guava,KERALA,
KOZHIKODE_Hibiscus (Gurhal),Plant Protection,Hibiscus (Gurhal),KERALA,
KOZHIKODE_Jack Fruit,Cultural Practices -> Nutrient Management -> Plant Protection -> Plant Protection -> Cultural Practices -> Cultural Practices -> Plant Protection -> Plant Protection -> Plant Protection,Jack Fruit,KERALA,
KOZHIKODE_Jamun,Nutrient Management,Jamun,KERALA,
KOZHIKODE_Kokum,Nursery Management,Kokum,KERALA,
KOZHIKODE_Lemon,Seeds and Planting Material,Lemon,KERALA,
KOZHIKODE_Litchi,Nutrient Management,Litchi,KERALA,
KOZHIKODE_Mango,Plant Protection -> Cultural Practices -> Nutrient Management -> Plant Protection -> Plant Protection -> Plant Protection -> Field Preparation -> Plant Protection -> Plant Protection -> Nutrient Management -> Nutrient Management -> Plant Protection -> Plant Protection -> Seeds and Planting Material -> Nutrient Management -> Plant Protection -> Nutrient Management -> Plant Protection -> Organic Farming -> Nutrient Management -> Plant Protection -> Plant Protection -> Plant Protection -> Nutrient Management -> Nutrient Management -> Plant Protection -> Plant Protection -> Plant Protection -> Plant Protection -> Plant Protection -> Nutrient Management -> Nutrient Management -> Plant Protection -> Plant Protection -> Nutrient Management -> Cultural Practices -> Plant Protection -> Plant Protection -> Plant Protection -> Plant Protection,Mango,KERALA,
KOZHIKODE_Nutmeg,"Nutrient Management -> Post Harvest Management (Cleaning, Grading, Packaging, Food Processing, Cool Chain etc.) -> Plant Protection -> Vegetative Propagation and Tissue Culture -> Seeds and Planting Material -> Plant Protection -> Nutrient Management -> Plant Protection -> Plant Protection -> Nutrient Management -> Nutrient Management -> Field Preparation -> Cultural Practices -> Nutrient Management -> Nutrient Management -> Plant Protection -> Nutrient Management -> Plant Protection -> Plant Protection -> Cultural Practices -> Cultural Practices",Nutmeg,KERALA,
KOZHIKODE_Other,Weather,Other,KERALA,
KOZHIKODE_Paddy (Dhan),Plant Protection,Paddy (Dhan),KERALA,
KOZHIKODE_Papaya,"Nutrient Management -> Plant Protection -> Nutrient Management -> Seeds and Planting Material -> Plant Protection -> Plant Protection -> Plant Protection -> Field Preparation -> Nutrient Management -> Nutrient Management -> Plant Protection -> Plant Protection -> Post Harvest Management (Cleaning, Grading, Packaging, Food Processing, Cool Chain etc.) -> Field Preparation -> Post Harvest Management (Cleaning, Grading, Packaging, Food Processing, Cool Chain etc.) -> Plant Protection -> Nutrient Management",Papaya,KERALA,
KOZHIKODE_Pea (Vegetable),Seeds and Planting Material,Pea (Vegetable),KERALA,
KOZHIKODE_Pepper,Weather -> Cultural Practices -> Plant Protection -> Cultural Practices -> Plant Protection -> Plant Protection -> Nutrient Management -> Nutrient Management -> Cultural Practices -> Seeds and Planting Material -> Plant Protection -> Nutrient Management -> Nutrient Management -> Nutrient Management -> Cultural Practices -> Plant Protection -> Nutrient Management -> Plant Protection -> Plant Protection -> Nutrient Management -> Seeds and Planting Material -> Nutrient Management -> Nutrient Management -> Plant Protection -> Field Preparation -> Nutrient Management -> Fertilizer Use and Availability -> Plant Protection -> Plant Protection -> Plant Protection -> Seeds and Planting Material -> Seeds and Planting Material -> Nutrient Management -> Nutrient Management -> Nutrient Management -> Nutrient Management -> Nutrient Management -> Plant Protection -> Plant Protection -> Cultural Practices,Pepper,KERALA,
KOZHIKODE_Pineapple,Nutrient Management -> Field Preparation -> Seeds and Planting Material,Pineapple,KERALA,
KOZHIKODE_Pomegranate,Cultural Practices,Pomegranate,KERALA,
KOZHIKODE_Pumpkin,Plant Protection -> Nutrient Management -> Plant Protection -> Nutrient Management,Pumpkin,KERALA,
KOZHIKODE_Ridge Gourd,Cultural Practices,Ridge Gourd,KERALA,
KOZHIKODE_Rubber,Nutrient Management -> Nutrient Management -> Cultural Practices -> Nutrient Management -> Nutrient Management -> Nutrient Management -> Nutrient Management -> Nutrient Management -> Nutrient Management -> Nutrient Management -> Nutrient Management -> Nutrient Management -> Organic Farming -> Nutrient Management -> Agriculture Mechanization -> Plant Protection -> Nutrient Management -> Fertilizer Use and Availability -> Nutrient Management -> Nutrient Management,Rubber,KERALA,
KOZHIKODE_Sapota,Nutrient Management -> Nutrient Management -> Nutrient Management -> Nutrient Management -> Plant Protection,Sapota,KERALA,
KOZHIKODE_Sunflower (suryamukhi),Varieties,Sunflower (suryamukhi),KERALA,
KOZHIKODE_Sweet Potato,Nutrient Management,Sweet Potato,KERALA,
KOZHIKODE_Tapioca (Cassava),Seeds,Tapioca (Cassava),KERALA,
KOZHIKODE_Teak,Nutrient Management,Teak,KERALA,
KOZHIKODE_Tomato,Plant Protection -> Plant Protection -> Organic Farming -> Plant Protection -> Plant Protection,Tomato,KERALA,
KOZHIKODE_Turkey,Cattle shed Planning and Management -> Cattle shed Planning and Management -> Animal Nutrition,Turkey,KERALA,
KOZHIKODE_Turmeric,Seeds and Planting Material -> Seeds and Planting Material -> Nutrient Management -> Nutrient Management -> Plant Protection -> Field Preparation -> Plant Protection -> Plant Protection,Turmeric,KERALA,
MALAPPURAM_Amaranthus/Grain Amaranthus,Organic Farming -> Market Information -> Nutrient Management,Amaranthus/Grain Amaranthus,KERALA,
MALAPPURAM_Amarphophallus (Surankand/Elephant Foot Yam),Nutrient Management,Amarphophallus (Surankand/Elephant Foot Yam),KERALA,
MALAPPURAM_Arecanut,"Plant Protection -> Market Information -> Nutrient Management -> Nutrient Management -> Field Preparation -> Nutrient Management -> Nutrient Management -> Weather -> Weather -> Seeds and Planting Material -> Post Harvest Management (Cleaning, Grading, Packaging, Food Processing, Cool Chain etc.) -> Field Preparation -> Cultural Practices -> Nutrient Management -> Nutrient Management -> Nutrient Management -> Plant Protection -> Plant Protection -> Nutrient Management -> Plant Protection -> Plant Protection -> Plant Protection -> Plant Protection -> Plant Protection -> Plant Protection -> Plant Protection -> Nutrient Management -> Plant Protection -> Nutrient Management -> Cultural Practices -> Nutrient Management -> Plant Protection -> Nutrient Management -> Nutrient Management -> Weather -> Post Harvest Preservation -> Nutrient Management -> Post Harvest Preservation -> Agriculture Mechanization -> Post Harvest Management (Cleaning, Grading, Packaging, Food Processing, Cool Chain etc.) -> Plant Protection -> Nutrient Management -> Plant Protection -> Post Harvest Management (Cleaning, Grading, Packaging, Food Processing, Cool Chain etc.) -> Nutrient Management -> Nutrient Management -> Nutrient Management -> Nutrient Management -> Water Management, Micro Irrigation -> Nutrient Management",Arecanut,KERALA,
MALAPPURAM_Ash Gourd (Petha),Nutrient Management -> Nutrient Management,Ash Gourd (Petha),KERALA,
MALAPPURAM_Avacado,Nutrient Management,Avacado,KERALA,
MALAPPURAM_Banana,"Plant Protection -> Nutrient Management -> Nutrient Management -> Cultural Practices -> Cultural Practices -> Nutrient Management -> Nutrient Management -> Nutrient Management -> Plant Protection -> Plant Protection -> Nutrient Management -> Nutrient Management -> Nutrient Management -> Nutrient Management -> Weather -> Plant Protection -> Nutrient Management -> Nutrient Management -> Field Preparation -> Nutrient Management -> Cultural Practices -> Nutrient Management -> Plant Protection -> Field Preparation -> Nutrient Management -> Post Harvest Management (Cleaning, Grading, Packaging, Food Processing, Cool Chain etc.) -> Cultural Practices -> Plant Protection -> Nutrient Management -> Nutrient Management -> Nutrient Management -> Nutrient Management -> Nutrient Management -> Plant Protection -> Plant Protection -> Nutrient Management -> Plant Protection -> Nutrient Management -> Nutrient Management -> Nutrient Management -> Water Management, Micro Irrigation -> Plant Protection -> Field Preparation -> Plant Protection -> Nutrient Management -> Plant Protection -> Nutrient Management -> Nutrient Management -> Nutrient Management -> Plant Protection -> Plant Protection -> Plant Protection -> Plant Protection -> Plant Protection -> Plant Protection",Banana,KERALA,
MALAPPURAM_Bhindi(Okra/Ladysfinger),"Plant Protection -> Plant Protection -> Nutrient Management -> Plant Protection -> Plant Protection -> Weather -> Nutrient Management -> Nutrient Management -> Nutrient Management -> Nutrient Management -> Nutrient Management -> Water Management, Micro Irrigation",Bhindi(Okra/Ladysfinger),KERALA,
MALAPPURAM_Bitter Gourd,"Water Management, Micro Irrigation -> Nutrient Management -> Nutrient Management -> Plant Protection",Bitter Gourd,KERALA,
"MALAPPURAM_Bovine(Cow,Buffalo)",Dairy Production,"Bovine(Cow,Buffalo)",KERALA,
MALAPPURAM_Brinjal,Plant Protection -> Plant Protection -> Plant Protection -> Plant Protection -> Plant Protection -> Plant Protection -> Plant Protection -> Plant Protection -> Plant Protection -> Plant Protection -> Plant Protection,Brinjal,KERALA,
MALAPPURAM_Chillies,"Plant Protection -> Plant Protection -> Plant Protection -> Plant Protection -> Plant Protection -> Plant Protection -> Plant Protection -> Plant Protection -> Post Harvest Management (Cleaning, Grading, Packaging, Food Processing, Cool Chain etc.) -> Seeds and Planting Material -> Plant Protection -> Plant Protection",Chillies,KERALA,
MALAPPURAM_Cinnamon,Plant Protection,Cinnamon,KERALA,
MALAPPURAM_Clove,Plant Protection,Clove,KERALA,
MALAPPURAM_Cocoa,Plant Protection -> Field Preparation -> Field Preparation -> Nutrient Management,Cocoa,KERALA,
MALAPPURAM_Coconut,"Plant Protection -> Nutrient Management -> Plant Protection -> Nutrient Management -> Agriculture Mechanization -> Nutrient Management -> Nutrient Management -> Cultural Practices -> Nutrient Management -> Nutrient Management -> Plant Protection -> Plant Protection -> Nutrient Management -> Nutrient Management -> Plant Protection -> Nutrient Management -> Nutrient Management -> Plant Protection -> Nutrient Management -> Plant Protection -> Nutrient Management -> Nutrient Management -> Plant Protection -> Plant Protection -> Plant Protection -> Nutrient Management -> Plant Protection -> Nutrient Management -> Nutrient Management -> Nutrient Management -> Nutrient Management -> Nutrient Management -> Nutrient Management -> Nutrient Management -> Nutrient Management -> Nutrient Management -> Nutrient Management -> Nutrient Management -> Cultural Practices -> Nutrient Management -> Nutrient Management -> Nutrient Management -> Plant Protection -> Plant Protection -> Nutrient Management -> Plant Protection -> Plant Protection -> Nutrient Management -> Nutrient Management -> Nutrient Management -> Plant Protection -> Cultural Practices -> Nutrient Management -> Nutrient Management -> Nutrient Management -> Nutrient Management -> Nutrient Management -> Nutrient Management -> Nutrient Management -> Plant Protection -> Plant Protection -> Nutrient Management -> Nutrient Management -> Nutrient Management -> Nutrient Management -> Nutrient Management -> Nutrient Management -> Organic Farming -> Plant Protection -> Nutrient Management -> Nutrient Management -> Post Harvest Management (Cleaning, Grading, Packaging, Food Processing, Cool Chain etc.) -> Nutrient Management -> Nutrient Management -> Post Harvest Management (Cleaning, Grading, Packaging, Food Processing, Cool Chain etc.) -> Post Harvest Management (Cleaning, Grading, Packaging, Food Processing, Cool Chain etc.) -> Nutrient Management -> Cultural Practices -> Nutrient Management -> Nutrient Management -> Plant Protection -> Cultural Practices -> Nutrient Management -> Plant Protection -> Nutrient Management -> Nutrient Management -> Nutrient Management -> Nutrient Management -> Nutrient Management -> Plant Protection -> Nutrient Management -> Nutrient Management",Coconut,KERALA,
"MALAPPURAM_Colocasia (Arvi, Arbi)",Cultural Practices,"Colocasia (Arvi, Arbi)",KERALA,
MALAPPURAM_Cowpea (Vegetable),"Plant Protection -> Plant Protection -> Plant Protection -> Plant Protection -> Plant Protection -> Plant Protection -> Plant Protection -> Nutrient Management -> Water Management, Micro Irrigation -> Nutrient Management -> Plant Protection -> Plant Protection -> Plant Protection -> Plant Protection -> Plant Protection -> Plant Protection",Cowpea (Vegetable),KERALA,
MALAPPURAM_Cucumber,Plant Protection -> Weather -> Nutrient Management -> Field Preparation -> Nutrient Management,Cucumber,KERALA,
MALAPPURAM_Curry Leaf,Organic Farming -> Nutrient Management -> Plant Protection -> Plant Protection -> Plant Protection,Curry Leaf,KERALA,
MALAPPURAM_Drum Stick,Nutrient Management,Drum Stick,KERALA,
MALAPPURAM_Ginger,Field Preparation -> Seeds and Planting Material -> Cultural Practices -> Seeds and Planting Material -> Cultural Practices -> Nutrient Management -> Plant Protection -> Plant Protection,Ginger,KERALA,
MALAPPURAM_Grape,Nutrient Management,Grape,KERALA,
MALAPPURAM_Guava,Vegetative Propagation and Tissue Culture -> Nutrient Management -> Nutrient Management -> Plant Protection -> Plant Protection,Guava,KERALA,
MALAPPURAM_Hibiscus (Gurhal),Plant Protection -> Plant Protection,Hibiscus (Gurhal),KERALA,
MALAPPURAM_Indian Clover (Senji Sweet Clover),Plant Protection,Indian Clover (Senji Sweet Clover),KERALA,
MALAPPURAM_Ivy Gourd,Plant Protection -> Plant Protection,Ivy Gourd,KERALA,
MALAPPURAM_Jack Fruit,"Water Management, Micro Irrigation",Jack Fruit,KERALA,
MALAPPURAM_Kokum,Nutrient Management,Kokum,KERALA,
MALAPPURAM_Loquat,Plant Protection,Loquat,KERALA,
MALAPPURAM_Mango,"Plant Protection -> Plant Protection -> Plant Protection -> Plant Protection -> Nutrient Management -> Plant Protection -> Plant Protection -> Water Management, Micro Irrigation -> Plant Protection -> Nutrient Management -> Cultural Practices -> Nutrient Management -> Nutrient Management -> Cultural Practices -> Field Preparation -> Plant Protection -> Plant Protection -> Seeds and Planting Material -> Seeds and Planting Material -> Plant Protection -> Seeds and Planting Material -> Field Preparation -> Cultural Practices -> Plant Protection -> Cultural Practices -> Nutrient Management -> Plant Protection -> Plant Protection -> Plant Protection -> Plant Protection -> Nutrient Management -> Plant Protection -> Nutrient Management -> Plant Protection -> Nutrient Management -> Plant Protection -> Plant Protection -> Nutrient Management -> Plant Protection",Mango,KERALA,
MALAPPURAM_Nutmeg,Nutrient Management -> Plant Protection -> Nutrient Management -> Nutrient Management -> Plant Protection -> Market Information -> Nutrient Management -> Nutrient Management,Nutmeg,KERALA,
MALAPPURAM_Oats,Plant Protection,Oats,KERALA,
MALAPPURAM_Orange,Nutrient Management,Orange,KERALA,
MALAPPURAM_POULTRY  FARM,Cattle shed Planning and Management,POULTRY  FARM,KERALA,
MALAPPURAM_Paddy (Dhan),Nutrient Management -> Plant Protection -> Plant Protection -> Plant Protection -> Nutrient Management -> Post Harvest Preservation -> Cultural Practices -> Nutrient Management -> Nutrient Management -> Nutrient Management -> Nutrient Management -> Water Management -> Plant Protection -> Varieties -> Agriculture Mechanization -> Nutrient Management -> Nutrient Management -> Plant Protection -> Plant Protection -> Weed Management -> Plant Protection -> Plant Protection -> Nutrient Management,Paddy (Dhan),KERALA,
MALAPPURAM_Passion Fruit,Nutrient Management,Passion Fruit,KERALA,
MALAPPURAM_Pepper,"Vegetative Propagation and Tissue Culture -> Vegetative Propagation and Tissue Culture -> Plant Protection -> Seeds and Planting Material -> Nutrient Management -> Cultural Practices -> Plant Protection -> Nutrient Management -> Seeds and Planting Material -> Nutrient Management -> Nutrient Management -> Plant Protection -> Water Management, Micro Irrigation -> Post Harvest Management (Cleaning, Grading, Packaging, Food Processing, Cool Chain etc.) -> Plant Protection -> Plant Protection",Pepper,KERALA,
MALAPPURAM_Pigeon pea (red gram/arhar/tur),Cultural Practices,Pigeon pea (red gram/arhar/tur),KERALA,
MALAPPURAM_Pineapple,Nutrient Management,Pineapple,KERALA,
MALAPPURAM_Pumpkin,Nutrient Management -> Nutrient Management -> Seeds and Planting Material -> Nutrient Management -> Nutrient Management -> Plant Protection -> Nutrient Management,Pumpkin,KERALA,
MALAPPURAM_Rose,Plant Protection,Rose,KERALA,
MALAPPURAM_Rubber,Plant Protection -> Nutrient Management -> Old/Senile Orchard Rejuvenation -> Nutrient Management -> Cultural Practices,Rubber,KERALA,
MALAPPURAM_Tapioca (Cassava),Nutrient Management -> Nutrient Management -> Sowing Time and Weather -> Nutrient Management -> Nutrient Management -> Nutrient Management -> Plant Protection,Tapioca (Cassava),KERALA,
MALAPPURAM_Tomato,Plant Protection -> Weather -> Organic Farming -> Nutrient Management -> Nutrient Management -> Plant Protection,Tomato,KERALA,
MALAPPURAM_Turmeric,Seeds and Planting Material,Turmeric,KERALA,
MALAPPURAM_Watermelon,Plant Protection -> Plant Protection -> Seeds and Planting Material,Watermelon,KERALA,
PALAKKAD_Acid Lime,Nutrient Management -> Cultural Practices,Acid Lime,KERALA,
PALAKKAD_Aloe Vera,Cultural Practices,Aloe Vera,KERALA,
PALAKKAD_Amaranthus/Grain Amaranthus,"Water Management, Micro Irrigation",Amaranthus/Grain Amaranthus,KERALA,
PALAKKAD_Amarphophallus (Surankand/Elephant Foot Yam),Nutrient Management -> Plant Protection,Amarphophallus (Surankand/Elephant Foot Yam),KERALA,
PALAKKAD_Arecanut,"Plant Protection -> Nutrient Management -> Nutrient Management -> Nutrient Management -> Plant Protection -> Plant Protection -> Seeds and Planting Material -> Nutrient Management -> Nutrient Management -> Nutrient Management -> Nutrient Management -> Nutrient Management -> Nutrient Management -> Plant Protection -> Seeds and Planting Material -> Nutrient Management -> Cultural Practices -> Cultural Practices -> Nutrient Management -> Nutrient Management -> Plant Protection -> Nutrient Management -> Nutrient Management -> Nutrient Management -> Field Preparation -> Nutrient Management -> Nutrient Management -> Water Management, Micro Irrigation -> Water Management, Micro Irrigation -> Nutrient Management",Arecanut,KERALA,
PALAKKAD_Ash Gourd (Petha),Plant Protection -> Seeds and Planting Material -> Cultural Practices,Ash Gourd (Petha),KERALA,
PALAKKAD_BAJRA NAPIER HYBRID,Weed Management,BAJRA NAPIER HYBRID,KERALA,
PALAKKAD_Babool,Plant Protection,Babool,KERALA,
PALAKKAD_Banana,Plant Protection -> Field Preparation -> Nutrient Management -> Nutrient Management -> Field Preparation -> Nutrient Management -> Nutrient Management -> Nutrient Management -> Nutrient Management -> Nutrient Management -> Nutrient Management -> Plant Protection -> Nutrient Management -> Plant Protection -> Plant Protection -> Nutrient Management -> Field Preparation,Banana,KERALA,
PALAKKAD_Bhindi(Okra/Ladysfinger),Nutrient Management -> Agriculture Mechanization -> Nutrient Management -> Plant Protection -> Plant Protection -> Plant Protection -> Field Preparation -> Seeds and Planting Material -> Field Preparation,Bhindi(Okra/Ladysfinger),KERALA,
PALAKKAD_Bitter Gourd,Plant Protection -> Plant Protection -> Cultural Practices,Bitter Gourd,KERALA,
PALAKKAD_Black Gram (urd bean),Varieties -> Post Harvest Preservation -> Field Preparation,Black Gram (urd bean),KERALA,
PALAKKAD_Bottle Gourd,Seeds and Planting Material,Bottle Gourd,KERALA,
PALAKKAD_Brinjal,Plant Protection -> Plant Protection -> Plant Protection -> Plant Protection -> Plant Protection -> Cultural Practices -> Plant Protection -> Seeds and Planting Material -> Nutrient Management,Brinjal,KERALA,
PALAKKAD_Broad Bean,Nutrient Management,Broad Bean,KERALA,
PALAKKAD_Cabbage,Cultural Practices,Cabbage,KERALA,
PALAKKAD_Cardamom,Weather -> Weather -> Plant Protection,Cardamom,KERALA,
PALAKKAD_Cauliflower,Nutrient Management -> Cultural Practices,Cauliflower,KERALA,
PALAKKAD_Chillies,Nutrient Management -> Nutrient Management -> Plant Protection -> Plant Protection -> Seeds and Planting Material -> Cultural Practices -> Field Preparation -> Plant Protection,Chillies,KERALA,
PALAKKAD_China Astor,Nutrient Management,China Astor,KERALA,
PALAKKAD_Citrus,Nutrient Management,Citrus,KERALA,
PALAKKAD_Cocoa,Field Preparation,Cocoa,KERALA,
PALAKKAD_Coconut,Plant Protection -> Cultural Practices -> Plant Protection -> Plant Protection -> Plant Protection -> Plant Protection -> Plant Protection -> Organic Farming -> Cultural Practices -> Nutrient Management -> Nutrient Management -> Nutrient Management -> Nutrient Management -> Nutrient Management -> Nutrient Management -> Nutrient Management -> Nutrient Management -> Nutrient Management -> Soil Testing -> Plant Protection -> Nutrient Management -> Nutrient Management -> Nutrient Management -> Nutrient Management,Coconut,KERALA,
"PALAKKAD_Colocasia (Arvi, Arbi)","Post Harvest Management (Cleaning, Grading, Packaging, Food Processing, Cool Chain etc.)","Colocasia (Arvi, Arbi)",KERALA,
PALAKKAD_Cowpea (Vegetable),"Cultural Practices -> Water Management, Micro Irrigation -> Field Preparation -> Cultural Practices -> Nutrient Management",Cowpea (Vegetable),KERALA,
PALAKKAD_Cucumber,Nutrient Management,Cucumber,KERALA,
PALAKKAD_Fig,Cultural Practices,Fig,KERALA,
PALAKKAD_FingerMillet  (Ragi/Mandika),Seeds,FingerMillet  (Ragi/Mandika),KERALA,
PALAKKAD_Fresh Water,"Fish  Marketing -> Tank, Pond and Reservoir Management",Fresh Water,KERALA,
PALAKKAD_Ginger,Nutrient Management -> Plant Protection,Ginger,KERALA,
PALAKKAD_Grape,Plant Protection -> Cultural Practices,Grape,KERALA,
PALAKKAD_Green Gram (Moong Bean/ Moong),Varieties,Green Gram (Moong Bean/ Moong),KERALA,
PALAKKAD_Horse Gram (kulthi/kultha),Field Preparation,Horse Gram (kulthi/kultha),KERALA,
PALAKKAD_Jack Fruit,Cultural Practices -> Plant Protection -> Seeds and Planting Material -> Nutrient Management -> Nutrient Management,Jack Fruit,KERALA,
PALAKKAD_Mango,Plant Protection -> Plant Protection -> Plant Protection -> Plant Protection -> Plant Protection -> Nutrient Management -> Nutrient Management -> Cultural Practices -> Seeds and Planting Material -> Seeds and Planting Material -> Nutrient Management -> Cultural Practices -> Field Preparation -> Nutrient Management -> Cultural Practices -> Nutrient Management -> Cultural Practices -> Nutrient Management -> Plant Protection -> Plant Protection -> Nutrient Management -> Plant Protection -> Plant Protection -> Plant Protection -> Nutrient Management -> Plant Protection -> Nutrient Management -> Cultural Practices,Mango,KERALA,
PALAKKAD_Marigold,Nutrient Management,Marigold,KERALA,
PALAKKAD_Mustard,Post Harvest Preservation,Mustard,KERALA,
PALAKKAD_Nutmeg,Nutrient Management -> Plant Protection -> Nutrient Management -> Nutrient Management,Nutmeg,KERALA,
PALAKKAD_POULTRY  FARM,Disease Management,POULTRY  FARM,KERALA,
PALAKKAD_Paddy (Dhan),Weed Management -> Nutrient Management -> Plant Protection -> Nutrient Management -> Nutrient Management -> Plant Protection -> Post Harvest Preservation -> Nutrient Management -> Nutrient Management -> Nutrient Management -> Varieties -> Nutrient Management -> Cultural Practices -> Nutrient Management -> Seeds -> Cultural Practices -> Nutrient Management -> Weed Management -> Weed Management -> Sowing Time and Weather -> Nutrient Management -> Nutrient Management -> Plant Protection -> Weed Management -> Weed Management -> Nutrient Management -> Nutrient Management -> Nutrient Management -> Plant Protection -> Plant Protection -> Nutrient Management -> Nutrient Management -> Plant Protection -> Plant Protection -> Plant Protection -> Plant Protection -> Seeds -> Cultural Practices -> Plant Protection -> Seeds -> Plant Protection -> Weed Management -> Nutrient Management -> Plant Protection -> Nutrient Management -> Nutrient Management -> Fertilizer Use and Availability -> Nutrient Management -> Post Harvest Preservation -> Post Harvest Preservation -> Weed Management -> Nutrient Management -> Post Harvest Preservation -> Seeds -> Cultural Practices -> Field Preparation -> Nutrient Management -> Fertilizer Use and Availability -> Nutrient Management -> Organic Farming -> Agriculture Mechanization,Paddy (Dhan),KERALA,
PALAKKAD_Papaya,Nutrient Management -> Plant Protection -> Plant Protection,Papaya,KERALA,
PALAKKAD_Passion Fruit,Nutrient Management,Passion Fruit,KERALA,
PALAKKAD_Pepper,Plant Protection -> Plant Protection -> Nutrient Management -> Plant Protection -> Cultural Practices -> Market Information -> Market Information -> Weather -> Nutrient Management -> Cultural Practices -> Cultural Practices -> Cultural Practices -> Field Preparation -> Nutrient Management,Pepper,KERALA,
PALAKKAD_Pomegranate,Nutrient Management,Pomegranate,KERALA,
PALAKKAD_Pumpkin,Cultural Practices -> Plant Protection -> Plant Protection -> Nutrient Management -> Nutrient Management -> Plant Protection,Pumpkin,KERALA,
PALAKKAD_Rose,Nutrient Management -> Plant Protection -> Fertilizer Use and Availability,Rose,KERALA,
PALAKKAD_Rubber,Seeds and Planting Material -> Nutrient Management,Rubber,KERALA,
PALAKKAD_Sandal Wood,Cultural Practices,Sandal Wood,KERALA,
PALAKKAD_Sesame (Gingelly/Til)/Sesamum,Cultural Practices -> Plant Protection -> Field Preparation,Sesame (Gingelly/Til)/Sesamum,KERALA,
PALAKKAD_Snake Gourd,Seeds and Planting Material,Snake Gourd,KERALA,
PALAKKAD_Sweet Potato,Field Preparation,Sweet Potato,KERALA,
PALAKKAD_Tapioca (Cassava),Nutrient Management -> Nutrient Management -> Nutrient Management -> Nutrient Management -> Plant Protection -> Plant Protection -> Nutrient Management -> Nutrient Management -> Plant Protection -> Plant Protection,Tapioca (Cassava),KERALA,
PALAKKAD_Tomato,Nutrient Management -> Plant Protection -> Nutrient Management -> Plant Protection -> Nutrient Management -> Nutrient Management -> Plant Protection -> Plant Protection -> Plant Protection -> Plant Protection -> Nutrient Management -> Plant Protection,Tomato,KERALA,
PALAKKAD_Turkey,"Animal Production (Piggery, Goatery, Sheep Farming etc.)",Turkey,KERALA,
PALAKKAD_Turmeric,Plant Protection -> Nutrient Management,Turmeric,KERALA,
PATHANAMTHITTA_Acid Lime,Nutrient Management,Acid Lime,KERALA,
PATHANAMTHITTA_Amaranthus/Grain Amaranthus,Plant Protection -> Plant Protection -> Nutrient Management -> Field Preparation -> Cultural Practices -> Plant Protection,Amaranthus/Grain Amaranthus,KERALA,
PATHANAMTHITTA_Amarphophallus (Surankand/Elephant Foot Yam),Plant Protection -> Plant Protection,Amarphophallus (Surankand/Elephant Foot Yam),KERALA,
PATHANAMTHITTA_Aonla,Plant Protection,Aonla,KERALA,
PATHANAMTHITTA_Arecanut,Nutrient Management,Arecanut,KERALA,
PATHANAMTHITTA_Banana,Plant Protection -> Plant Protection -> Nutrient Management -> Nutrient Management -> Cultural Practices -> Nutrient Management -> Nutrient Management -> Nutrient Management -> Nutrient Management -> Nutrient Management -> Nutrient Management -> Nutrient Management -> Nutrient Management -> Nutrient Management -> Cultural Practices -> Plant Protection -> Nutrient Management -> Nutrient Management -> Plant Protection -> Plant Protection -> Plant Protection -> Plant Protection -> Nutrient Management -> Nutrient Management -> Plant Protection -> Plant Protection -> Cultural Practices -> Seeds and Planting Material -> Plant Protection -> Plant Protection -> Plant Protection -> Cultural Practices -> Organic Farming -> Nutrient Management,Banana,KERALA,
PATHANAMTHITTA_Bhindi(Okra/Ladysfinger),Plant Protection -> Plant Protection,Bhindi(Okra/Ladysfinger),KERALA,
PATHANAMTHITTA_Bitter Gourd,Plant Protection -> Plant Protection,Bitter Gourd,KERALA,
PATHANAMTHITTA_Bottle Gourd,Cultural Practices,Bottle Gourd,KERALA,
"PATHANAMTHITTA_Bovine(Cow,Buffalo)",Disease Management,"Bovine(Cow,Buffalo)",KERALA,
PATHANAMTHITTA_Brinjal,Nutrient Management -> Plant Protection,Brinjal,KERALA,
PATHANAMTHITTA_Chillies,Plant Protection -> Plant Protection -> Nutrient Management -> Bio-Pesticides and Bio-Fertilizers -> Nutrient Management,Chillies,KERALA,
PATHANAMTHITTA_Coconut,"Water Management, Micro Irrigation -> Nutrient Management -> Plant Protection -> Plant Protection -> Nutrient Management -> Plant Protection -> Plant Protection -> Plant Protection -> Plant Protection -> Plant Protection -> Nutrient Management -> Nutrient Management -> Cultural Practices -> Nutrient Management -> Nutrient Management -> Nutrient Management -> Plant Protection -> Nutrient Management -> Nutrient Management -> Nutrient Management -> Nutrient Management -> Nutrient Management -> Nutrient Management -> Nutrient Management",Coconut,KERALA,
PATHANAMTHITTA_Cowpea (Vegetable),Plant Protection -> Plant Protection -> Plant Protection -> Plant Protection -> Plant Protection -> Nutrient Management -> Plant Protection,Cowpea (Vegetable),KERALA,
PATHANAMTHITTA_Cucumber,Plant Protection,Cucumber,KERALA,
PATHANAMTHITTA_Curry Leaf,Plant Protection,Curry Leaf,KERALA,
PATHANAMTHITTA_Drum Stick,Plant Protection,Drum Stick,KERALA,
PATHANAMTHITTA_Ginger,Cultural Practices -> Plant Protection -> Nutrient Management -> Nutrient Management -> Plant Protection -> Plant Protection -> Plant Protection -> Plant Protection,Ginger,KERALA,
PATHANAMTHITTA_Goat,Disease Management,Goat,KERALA,
PATHANAMTHITTA_Jack Fruit,Nutrient Management -> Nutrient Management -> Nutrient Management -> Cultural Practices -> Seeds and Planting Material -> Plant Protection,Jack Fruit,KERALA,
PATHANAMTHITTA_Jasmine,Nutrient Management,Jasmine,KERALA,
PATHANAMTHITTA_Lesser Yam (Rafula),Plant Protection,Lesser Yam (Rafula),KERALA,
PATHANAMTHITTA_Mango,Seeds and Planting Material -> Nutrient Management -> Nutrient Management -> Nutrient Management -> Plant Protection -> Nutrient Management,Mango,KERALA,
PATHANAMTHITTA_Marigold,Plant Protection -> Nutrient Management,Marigold,KERALA,
PATHANAMTHITTA_Nutmeg,"Nutrient Management -> Nutrient Management -> Cultural Practices -> Post Harvest Management (Cleaning, Grading, Packaging, Food Processing, Cool Chain etc.)",Nutmeg,KERALA,
PATHANAMTHITTA_POULTRY  FARM,Disease Reporting -> Market Information,POULTRY  FARM,KERALA,
PATHANAMTHITTA_Paddy (Dhan),Nutrient Management -> Nutrient Management,Paddy (Dhan),KERALA,
PATHANAMTHITTA_Pepper,Nutrient Management -> Cultural Practices -> Nutrient Management -> Bio-Pesticides and Bio-Fertilizers,Pepper,KERALA,
PATHANAMTHITTA_Poplar,Nutrient Management,Poplar,KERALA,
PATHANAMTHITTA_Pumpkin,Nutrient Management,Pumpkin,KERALA,
PATHANAMTHITTA_Rose,Plant Protection,Rose,KERALA,
PATHANAMTHITTA_Rubber,Cultural Practices -> Plant Protection -> Plant Protection -> Nutrient Management -> Plant Protection,Rubber,KERALA,
PATHANAMTHITTA_Sandal Wood,Cultural Practices,Sandal Wood,KERALA,
PATHANAMTHITTA_Sapota,Nutrient Management,Sapota,KERALA,
PATHANAMTHITTA_Snake Gourd,Nutrient Management,Snake Gourd,KERALA,
PATHANAMTHITTA_Tapioca (Cassava),Nutrient Management -> Nutrient Management -> Sowing Time and Weather -> Water Management -> Plant Protection,Tapioca (Cassava),KERALA,
PATHANAMTHITTA_Tomato,Plant Protection,Tomato,KERALA,
PATHANAMTHITTA_Turkey,Market Information,Turkey,KERALA,
PATHANAMTHITTA_Turmeric,Field Preparation,Turmeric,KERALA,
THRISSUR_Acid Lime,Plant Protection -> Plant Protection -> Nutrient Management -> Nutrient Management -> Nutrient Management -> Plant Protection,Acid Lime,KERALA,
THRISSUR_Amaranthus/Grain Amaranthus,Field Preparation -> Nutrient Management -> Cultural Practices -> Nutrient Management -> Field Preparation -> Cultural Practices -> Cultural Practices,Amaranthus/Grain Amaranthus,KERALA,
THRISSUR_Amarphophallus (Surankand/Elephant Foot Yam),Nutrient Management -> Cultural Practices,Amarphophallus (Surankand/Elephant Foot Yam),KERALA,
THRISSUR_Anthurium,Nutrient Management -> Plant Protection,Anthurium,KERALA,
THRISSUR_Aonla,Nutrient Management -> Nutrient Management,Aonla,KERALA,
THRISSUR_Arecanut,Plant Protection -> Field Preparation -> Nutrient Management -> Nutrient Management -> Nutrient Management -> Plant Protection -> Nutrient Management -> Organic Farming -> Plant Protection -> Nutrient Management -> Nutrient Management -> Nutrient Management -> Nutrient Management -> Plant Protection -> Nutrient Management -> Plant Protection -> Nutrient Management -> Nutrient Management -> Plant Protection -> Plant Protection -> Nutrient Management -> Nutrient Management -> Nutrient Management -> Nutrient Management -> Nutrient Management -> Cultural Practices -> Nutrient Management -> Nutrient Management,Arecanut,KERALA,
THRISSUR_Ash Gourd (Petha),Plant Protection -> Nutrient Management -> Plant Protection -> Cultural Practices -> Cultural Practices -> Seeds and Planting Material,Ash Gourd (Petha),KERALA,
THRISSUR_Avacado,Nutrient Management,Avacado,KERALA,
THRISSUR_Banana,"Nutrient Management -> Nutrient Management -> Nutrient Management -> Plant Protection -> Organic Farming -> Nutrient Management -> Plant Protection -> Nutrient Management -> Plant Protection -> Plant Protection -> Plant Protection -> Nutrient Management -> Plant Protection -> Nutrient Management -> Agriculture Mechanization -> Nutrient Management -> Plant Protection -> Nutrient Management -> Cultural Practices -> Nutrient Management -> Nutrient Management -> Nutrient Management -> Plant Protection -> Nutrient Management -> Nutrient Management -> Nutrient Management -> Plant Protection -> Cultural Practices -> Plant Protection -> Agriculture Mechanization -> Nutrient Management -> Seeds and Planting Material -> Seeds and Planting Material -> Water Management, Micro Irrigation -> Seeds and Planting Material -> Nutrient Management -> Plant Protection -> Plant Protection -> Field Preparation -> Plant Protection -> Nutrient Management -> Nutrient Management -> Plant Protection -> Nutrient Management -> Nutrient Management -> Nutrient Management -> Plant Protection -> Plant Protection -> Plant Protection -> Seeds and Planting Material -> Nutrient Management -> Plant Protection -> Plant Protection -> Cultural Practices -> Plant Protection -> Plant Protection -> Nutrient Management -> Plant Protection -> Cultural Practices -> Cultural Practices -> Plant Protection -> Plant Protection -> Plant Protection -> Plant Protection -> Cultural Practices -> Plant Protection -> Plant Protection",Banana,KERALA,
THRISSUR_Ber,Plant Protection,Ber,KERALA,
THRISSUR_Bhindi(Okra/Ladysfinger),Cultural Practices -> Landscaping -> Plant Protection -> Plant Protection -> Nutrient Management -> Plant Protection -> Cultural Practices -> Plant Protection,Bhindi(Okra/Ladysfinger),KERALA,
THRISSUR_Bitter Gourd,Plant Protection -> Plant Protection -> Seeds and Planting Material -> Nutrient Management,Bitter Gourd,KERALA,
THRISSUR_Bottle Gourd,Nutrient Management,Bottle Gourd,KERALA,
"THRISSUR_Bovine(Cow,Buffalo)","Animal Production (Piggery, Goatery, Sheep Farming etc.) -> Cattle shed Planning and Management","Bovine(Cow,Buffalo)",KERALA,
THRISSUR_Brackish,"Tank, Pond and Reservoir Management",Brackish,KERALA,
THRISSUR_Brinjal,Field Preparation -> Plant Protection -> Plant Protection -> Plant Protection -> Plant Protection -> Nutrient Management -> Field Preparation -> Nutrient Management -> Plant Protection,Brinjal,KERALA,
THRISSUR_Broad Bean,Organic Farming,Broad Bean,KERALA,
THRISSUR_Cat,Disease Management,Cat,KERALA,
THRISSUR_Cauliflower,Cultural Practices -> Nutrient Management,Cauliflower,KERALA,
THRISSUR_Chillies,Plant Protection -> Cultural Practices -> Plant Protection -> Plant Protection -> Field Preparation -> Plant Protection -> Plant Protection -> Plant Protection -> Plant Protection -> Nutrient Management -> Nutrient Management -> Plant Protection -> Plant Protection -> Plant Protection -> Plant Protection -> Field Preparation -> Plant Protection -> Plant Protection -> Plant Protection -> Nutrient Management -> Nutrient Management -> Plant Protection -> Plant Protection,Chillies,KERALA,
THRISSUR_Citrus,Plant Protection -> Nutrient Management -> Plant Protection -> Nutrient Management -> Plant Protection,Citrus,KERALA,
THRISSUR_Clove,Cultural Practices,Clove,KERALA,
THRISSUR_Cluster Bean,Cultural Practices -> Plant Protection -> Field Preparation -> Cultural Practices -> Nutrient Management -> Nutrient Management -> Nutrient Management,Cluster Bean,KERALA,
THRISSUR_Cocoa,Nutrient Management,Cocoa,KERALA,
THRISSUR_Coconut,"Nutrient Management -> Nutrient Management -> Nutrient Management -> Plant Protection -> Nutrient Management -> Nutrient Management -> Plant Protection -> Plant Protection -> Plant Protection -> Water Management, Micro Irrigation -> Plant Protection -> Nutrient Management -> Nutrient Management -> Cultural Practices -> Nutrient Management -> Nutrient Management -> Field Preparation -> Plant Protection -> Nutrient Management -> Water Management, Micro Irrigation -> Plant Protection -> Cultural Practices -> Nutrient Management -> Cultural Practices -> Nutrient Management -> Nutrient Management -> Agriculture Mechanization -> Nutrient Management -> Nutrient Management -> Plant Protection -> Nutrient Management -> Nutrient Management -> Agriculture Mechanization -> Plant Protection -> Plant Protection -> Nutrient Management -> Nutrient Management -> Plant Protection -> Plant Protection -> Plant Protection -> Nutrient Management -> Plant Protection -> Nutrient Management -> Plant Protection -> Plant Protection -> Plant Protection -> Nutrient Management -> Nutrient Management -> Plant Protection -> Nutrient Management -> Field Preparation -> Nutrient Management -> Plant Protection -> Seeds and Planting Material -> Plant Protection -> Nutrient Management -> Seeds and Planting Material -> Nutrient Management -> Plant Protection -> Plant Protection -> Nutrient Management -> Nutrient Management -> Cultural Practices -> Plant Protection -> Plant Protection -> Plant Protection -> Plant Protection -> Nutrient Management -> Nutrient Management -> Plant Protection -> Nutrient Management -> Nutrient Management -> Nutrient Management -> Nutrient Management -> Plant Protection -> Nutrient Management -> Plant Protection -> Plant Protection",Coconut,KERALA,
THRISSUR_Coffee,Cultural Practices,Coffee,KERALA,
"THRISSUR_Colocasia (Arvi, Arbi)",Plant Protection -> Cultural Practices -> Cultural Practices,"Colocasia (Arvi, Arbi)",KERALA,
THRISSUR_Cowpea (Vegetable),Nutrient Management -> Plant Protection -> Plant Protection -> Plant Protection -> Plant Protection -> Plant Protection -> Plant Protection -> Nutrient Management -> Plant Protection -> Plant Protection -> Plant Protection -> Plant Protection -> Nutrient Management -> Nutrient Management -> Plant Protection -> Plant Protection -> Plant Protection -> Plant Protection -> Plant Protection -> Field Preparation -> Plant Protection -> Cultural Practices,Cowpea (Vegetable),KERALA,
THRISSUR_Cucumber,Nutrient Management -> Cultural Practices -> Nutrient Management -> Plant Protection -> Nutrient Management -> Plant Protection -> Seeds and Planting Material,Cucumber,KERALA,
THRISSUR_Curry Leaf,Plant Protection -> Plant Protection -> Plant Protection,Curry Leaf,KERALA,
THRISSUR_Cymbidium,Plant Protection,Cymbidium,KERALA,
THRISSUR_DatePalm,Cultural Practices,DatePalm,KERALA,
THRISSUR_Dog,"Animal Production (Piggery, Goatery, Sheep Farming etc.)",Dog,KERALA,
THRISSUR_Drum Stick,Nutrient Management -> Nutrient Management -> Nutrient Management -> Nutrient Management,Drum Stick,KERALA,
THRISSUR_Fresh Water,"Tank, Pond and Reservoir Management -> Fish Fingerling Production",Fresh Water,KERALA,
THRISSUR_Ginger,"Plant Protection -> Nutrient Management -> Seeds and Planting Material -> Plant Protection -> Nutrient Management -> Plant Protection -> Plant Protection -> Water Management, Micro Irrigation",Ginger,KERALA,
THRISSUR_Goat,Disease Management -> Dairy Production,Goat,KERALA,
THRISSUR_Grape,Nutrient Management,Grape,KERALA,
THRISSUR_Guava,Plant Protection,Guava,KERALA,
THRISSUR_Hibiscus (Gurhal),Plant Protection -> Plant Protection,Hibiscus (Gurhal),KERALA,
THRISSUR_Honey plant,Seeds and Planting Material,Honey plant,KERALA,
THRISSUR_Ivy Gourd,Seeds and Planting Material -> Nutrient Management -> Plant Protection -> Nutrient Management -> Cultural Practices,Ivy Gourd,KERALA,
THRISSUR_Jack Fruit,Plant Protection -> Plant Protection -> Plant Protection -> Plant Protection -> Nutrient Management -> Plant Protection -> Plant Protection -> Plant Protection -> Plant Protection -> Plant Protection -> Plant Protection,Jack Fruit,KERALA,
THRISSUR_Jasmine,"Market Information -> Nutrient Management -> Nutrient Management -> Nutrient Management -> Plant Protection -> Cultural Practices -> Plant Protection -> Plant Protection -> Nutrient Management -> Nutrient Management -> Organic Farming -> Nutrient Management -> Post Harvest Management (Cleaning, Grading, Packaging, Food Processing, Cool Chain etc.) -> Post Harvest Management (Cleaning, Grading, Packaging, Food Processing, Cool Chain etc.) -> Water Management, Micro Irrigation -> Cultural Practices -> Nutrient Management -> Plant Protection -> Nutrient Management -> Nutrient Management -> Cultural Practices -> Plant Protection -> Plant Protection -> Agriculture Mechanization -> Plant Protection -> Water Management, Micro Irrigation -> Nutrient Management -> Nutrient Management -> Nutrient Management -> Plant Protection -> Nutrient Management -> Plant Protection -> Cultural Practices -> Organic Farming -> Nutrient Management -> Cultural Practices -> Plant Protection -> Plant Protection -> Organic Farming -> Organic Farming -> Seeds and Planting Material -> Cultural Practices",Jasmine,KERALA,
THRISSUR_Kokum,Nutrient Management -> Nutrient Management,Kokum,KERALA,
THRISSUR_Lemon,Plant Protection -> Nutrient Management -> Nutrient Management,Lemon,KERALA,
THRISSUR_Lilliums,Nutrient Management,Lilliums,KERALA,
THRISSUR_Litchi,Nutrient Management -> Plant Protection -> Plant Protection,Litchi,KERALA,
THRISSUR_Mango,Nutrient Management -> Cultural Practices -> Vegetative Propagation and Tissue Culture -> Nutrient Management -> Plant Protection -> Cultural Practices -> Nutrient Management -> Nutrient Management -> Nutrient Management -> Nutrient Management -> Plant Protection -> Plant Protection -> Plant Protection -> Nutrient Management -> Field Preparation -> Plant Protection -> Nutrient Management -> Plant Protection -> Plant Protection -> Plant Protection -> Field Preparation -> Nutrient Management -> Plant Protection -> Plant Protection -> Nutrient Management,Mango,KERALA,
THRISSUR_Marigold,Cultural Practices -> Plant Protection,Marigold,KERALA,
THRISSUR_Methi (Fenugreek),Plant Protection,Methi (Fenugreek),KERALA,
THRISSUR_Neem,Plant Protection,Neem,KERALA,
THRISSUR_Nutmeg,"Nutrient Management -> Plant Protection -> Plant Protection -> Plant Protection -> Nutrient Management -> Nutrient Management -> Nutrient Management -> Nutrient Management -> Nutrient Management -> Nutrient Management -> Plant Protection -> Nutrient Management -> Nutrient Management -> Plant Protection -> Water Management, Micro Irrigation -> Plant Protection -> Plant Protection -> Plant Protection -> Nutrient Management -> Plant Protection -> Nutrient Management -> Plant Protection -> Nutrient Management -> Plant Protection -> Organic Farming -> Plant Protection -> Plant Protection -> Plant Protection -> Plant Protection -> Nutrient Management -> Plant Protection -> Nutrient Management -> Post Harvest Management (Cleaning, Grading, Packaging, Food Processing, Cool Chain etc.) -> Plant Protection -> Plant Protection -> Plant Protection -> Nutrient Management -> Nutrient Management -> Plant Protection -> Field Preparation -> Nutrient Management -> Plant Protection -> Plant Protection -> Plant Protection -> Nutrient Management -> Nutrient Management -> Nutrient Management -> Nutrient Management",Nutmeg,KERALA,
THRISSUR_POULTRY  FARM,"Animal Production (Piggery, Goatery, Sheep Farming etc.) -> Animal Breeding",POULTRY  FARM,KERALA,
THRISSUR_Paddy (Dhan),Weed Management -> Nutrient Management -> Weed Management -> Nutrient Management -> Plant Protection -> Seeds -> Plant Protection -> Plant Protection -> Plant Protection -> Plant Protection -> Field Preparation -> Soil Testing -> Weed Management -> Seeds -> Nutrient Management -> Nutrient Management -> Nutrient Management -> Weed Management -> Nutrient Management -> Weed Management -> Plant Protection -> Nutrient Management -> Plant Protection -> Weed Management -> Weed Management -> Plant Protection,Paddy (Dhan),KERALA,
THRISSUR_Papaya,Nutrient Management -> Cultural Practices -> Nutrient Management -> Plant Protection -> Seeds and Planting Material,Papaya,KERALA,
THRISSUR_Pear,Field Preparation -> Organic Farming,Pear,KERALA,
THRISSUR_Pepper,Plant Protection -> Seeds and Planting Material -> Nutrient Management -> Vegetative Propagation and Tissue Culture -> Cultural Practices -> Field Preparation -> Field Preparation -> Plant Protection -> Plant Protection -> Plant Protection -> Plant Protection -> Nutrient Management -> Plant Protection -> Seeds and Planting Material -> Nutrient Management -> Plant Protection -> Plant Protection,Pepper,KERALA,
THRISSUR_Pineapple,Field Preparation,Pineapple,KERALA,
THRISSUR_Potato,Plant Protection -> Cultural Practices,Potato,KERALA,
THRISSUR_Pumpkin,Plant Protection -> Nutrient Management -> Plant Protection -> Nutrient Management,Pumpkin,KERALA,
THRISSUR_Strawberry,Field Preparation,Strawberry,KERALA,
THRISSUR_Tapioca (Cassava),Nutrient Management -> Nutrient Management -> Nutrient Management -> Plant Protection -> Plant Protection,Tapioca (Cassava),KERALA,
THRISSUR_Tea,Plant Protection,Tea,KERALA,
THRISSUR_Tomato,Nutrient Management -> Nutrient Management -> Nutrient Management -> Plant Protection -> Plant Protection -> Plant Protection,Tomato,KERALA,
THRISSUR_Tulsi,Plant Protection,Tulsi,KERALA,
THRISSUR_Turkey,Disease Management,Turkey,KERALA,
THRISSUR_Turmeric,"Plant Protection -> Plant Protection -> Post Harvest Management (Cleaning, Grading, Packaging, Food Processing, Cool Chain etc.)",Turmeric,KERALA,
THRISSUR_Watermelon,Cultural Practices -> Nutrient Management -> Nutrient Management -> Nutrient Management -> Nutrient Management -> Nutrient Management -> Nutrient Management -> Nutrient Management,Watermelon,KERALA,
TRIVANDRUM_Acid Lime,Plant Protection,Acid Lime,KERALA,
TRIVANDRUM_Amaranthus/Grain Amaranthus,Plant Protection -> Cultural Practices -> Plant Protection -> Plant Protection -> Plant Protection -> Plant Protection -> Plant Protection -> Seeds and Planting Material -> Weather -> Plant Protection -> Field Preparation -> Field Preparation -> Seeds and Planting Material -> Cultural Practices,Amaranthus/Grain Amaranthus,KERALA,
TRIVANDRUM_Aonla,Plant Protection,Aonla,KERALA,
TRIVANDRUM_Apricot,Field Preparation,Apricot,KERALA,
TRIVANDRUM_Arecanut,Vegetative Propagation and Tissue Culture -> Nutrient Management -> Nutrient Management -> Nutrient Management -> Seeds and Planting Material -> Seeds and Planting Material,Arecanut,KERALA,
TRIVANDRUM_Bail,Plant Protection,Bail,KERALA,
TRIVANDRUM_Banana,"Plant Protection -> Nutrient Management -> Plant Protection -> Nutrient Management -> Nutrient Management -> Water Management, Micro Irrigation -> Plant Protection -> Plant Protection -> Post Harvest Management (Cleaning, Grading, Packaging, Food Processing, Cool Chain etc.) -> Plant Protection -> Plant Protection -> Water Management, Micro Irrigation -> Plant Protection -> Plant Protection -> Nutrient Management -> Plant Protection -> Weather -> Nutrient Management -> Nutrient Management -> Plant Protection -> Plant Protection -> Seeds and Planting Material -> Nutrient Management -> Seeds and Planting Material -> Vegetative Propagation and Tissue Culture -> Field Preparation -> Nutrient Management -> Nutrient Management -> Nutrient Management -> Plant Protection -> Market Information -> Plant Protection -> Cultural Practices -> Cultural Practices -> Nutrient Management -> Nutrient Management -> Seeds and Planting Material -> Cultural Practices -> Plant Protection -> Nutrient Management -> Plant Protection -> Plant Protection -> Plant Protection -> Nutrient Management -> Nutrient Management -> Nutrient Management -> Plant Protection -> Nutrient Management -> Nutrient Management -> Cultural Practices -> Cultural Practices -> Plant Protection -> Vegetative Propagation and Tissue Culture -> Plant Protection -> Organic Farming",Banana,KERALA,
TRIVANDRUM_Beekeeping,Nutrient Management,Beekeeping,KERALA,
TRIVANDRUM_Bhindi(Okra/Ladysfinger),Plant Protection -> Plant Protection -> Plant Protection -> Plant Protection -> Plant Protection -> Plant Protection -> Plant Protection -> Plant Protection -> Nutrient Management -> Nutrient Management -> Plant Protection -> Plant Protection -> Plant Protection -> Plant Protection -> Nutrient Management -> Nutrient Management -> Nutrient Management -> Cultural Practices -> Plant Protection -> Plant Protection,Bhindi(Okra/Ladysfinger),KERALA,
TRIVANDRUM_Bitter Gourd,Plant Protection -> Plant Protection -> Plant Protection -> Cultural Practices,Bitter Gourd,KERALA,
TRIVANDRUM_Bottle Gourd,Weather,Bottle Gourd,KERALA,
"TRIVANDRUM_Bovine(Cow,Buffalo)",Cattle shed Planning and Management,"Bovine(Cow,Buffalo)",KERALA,
TRIVANDRUM_Brinjal,Plant Protection -> Nutrient Management -> Plant Protection -> Plant Protection -> Plant Protection -> Nutrient Management -> Plant Protection -> Nutrient Management -> Plant Protection -> Plant Protection -> Plant Protection -> Plant Protection -> Nutrient Management -> Cultural Practices -> Cultural Practices -> Nutrient Management -> Plant Protection -> Plant Protection -> Nutrient Management -> Seeds and Planting Material -> Plant Protection -> Plant Protection,Brinjal,KERALA,
TRIVANDRUM_Broad Bean,Nutrient Management,Broad Bean,KERALA,
TRIVANDRUM_Chillies,Plant Protection -> Plant Protection -> Plant Protection -> Plant Protection -> Plant Protection -> Plant Protection -> Plant Protection -> Plant Protection -> Plant Protection -> Plant Protection -> Nutrient Management -> Plant Protection -> Plant Protection -> Organic Farming -> Plant Protection -> Plant Protection -> Plant Protection -> Nutrient Management,Chillies,KERALA,
TRIVANDRUM_Chrysanthemum,Plant Protection,Chrysanthemum,KERALA,
TRIVANDRUM_Citrus,Plant Protection,Citrus,KERALA,
TRIVANDRUM_Clove,Nutrient Management,Clove,KERALA,
TRIVANDRUM_Cocoa,Cultural Practices -> Seeds and Planting Material,Cocoa,KERALA,
TRIVANDRUM_Coconut,"Plant Protection -> Nutrient Management -> Plant Protection -> Plant Protection -> Nutrient Management -> Plant Protection -> Plant Protection -> Plant Protection -> Nutrient Management -> Nutrient Management -> Plant Protection -> Nutrient Management -> Plant Protection -> Nutrient Management -> Nutrient Management -> Plant Protection -> Plant Protection -> Nutrient Management -> Nutrient Management -> Plant Protection -> Nutrient Management -> Plant Protection -> Seeds and Planting Material -> Field Preparation -> Seeds and Planting Material -> Plant Protection -> Field Preparation -> Nutrient Management -> Nutrient Management -> Plant Protection -> Plant Protection -> Nutrient Management -> Plant Protection -> Nutrient Management -> Nutrient Management -> Nutrient Management -> Plant Protection -> Nutrient Management -> Nutrient Management -> Nutrient Management -> Nutrient Management -> Plant Protection -> Nutrient Management -> Nutrient Management -> Nutrient Management -> Nutrient Management -> Nutrient Management -> Plant Protection -> Nutrient Management -> Nutrient Management -> Nutrient Management -> Nutrient Management -> Nutrient Management -> Nutrient Management -> Nutrient Management -> Nutrient Management -> Nutrient Management -> Plant Protection -> Nutrient Management -> Plant Protection -> Plant Protection -> Plant Protection -> Nutrient Management -> Nutrient Management -> Plant Protection -> Plant Protection -> Plant Protection -> Nutrient Management -> Plant Protection -> Nutrient Management -> Plant Protection -> Plant Protection -> Plant Protection -> Plant Protection -> Plant Protection -> Plant Protection -> Nutrient Management -> Nutrient Management -> Plant Protection -> Plant Protection -> Nutrient Management -> Nutrient Management -> Nutrient Management -> Nutrient Management -> Plant Protection -> Nutrient Management -> Plant Protection -> Plant Protection -> Water Management, Micro Irrigation -> Plant Protection -> Plant Protection -> Nutrient Management -> Nutrient Management",Coconut,KERALA,
"TRIVANDRUM_Colocasia (Arvi, Arbi)",Nutrient Management -> Nutrient Management,"Colocasia (Arvi, Arbi)",KERALA,
TRIVANDRUM_Cowpea (Vegetable),Plant Protection -> Cultural Practices -> Plant Protection -> Plant Protection -> Plant Protection -> Plant Protection -> Plant Protection -> Plant Protection -> Plant Protection -> Plant Protection -> Plant Protection -> Plant Protection -> Plant Protection -> Plant Protection -> Plant Protection -> Plant Protection -> Organic Farming -> Plant Protection -> Cultural Practices -> Seeds and Planting Material -> Field Preparation -> Nutrient Management -> Nutrient Management -> Seeds and Planting Material -> Plant Protection -> Nutrient Management -> Plant Protection -> Plant Protection -> Field Preparation -> Nutrient Management -> Plant Protection -> Plant Protection -> Plant Protection -> Plant Protection -> Plant Protection -> Plant Protection,Cowpea (Vegetable),KERALA,
TRIVANDRUM_Cucumber,Nutrient Management -> Plant Protection -> Plant Protection -> Plant Protection -> Plant Protection -> Seeds and Planting Material,Cucumber,KERALA,
TRIVANDRUM_Curry Leaf,Plant Protection,Curry Leaf,KERALA,
TRIVANDRUM_Custard Apple,Nutrient Management -> Plant Protection -> Nutrient Management,Custard Apple,KERALA,
TRIVANDRUM_Dog,Disease Management,Dog,KERALA,
TRIVANDRUM_Drum Stick,Plant Protection,Drum Stick,KERALA,
TRIVANDRUM_Fig,Nutrient Management,Fig,KERALA,
TRIVANDRUM_Fresh Water,"Fish Fingerling Production -> Tank, Pond and Reservoir Management",Fresh Water,KERALA,
TRIVANDRUM_Ginger,Cultural Practices -> Field Preparation -> Nutrient Management -> Plant Protection -> Plant Protection -> Plant Protection -> Plant Protection -> Plant Protection,Ginger,KERALA,
TRIVANDRUM_Grape,Seeds and Planting Material -> Seeds and Planting Material -> Nutrient Management,Grape,KERALA,
TRIVANDRUM_Guava,Plant Protection -> Plant Protection -> Plant Protection,Guava,KERALA,
TRIVANDRUM_Hazlenut,Plant Protection -> Nutrient Management,Hazlenut,KERALA,
TRIVANDRUM_Jack Fruit,Plant Protection -> Plant Protection -> Plant Protection -> Nutrient Management -> Nutrient Management -> Nutrient Management -> Plant Protection -> Nutrient Management -> Nutrient Management -> Nutrient Management -> Plant Protection -> Nutrient Management -> Plant Protection -> Plant Protection -> Plant Protection,Jack Fruit,KERALA,
TRIVANDRUM_Jasmine,Nutrient Management -> Nutrient Management,Jasmine,KERALA,
TRIVANDRUM_Lemon,Plant Protection,Lemon,KERALA,
TRIVANDRUM_Litchi,Field Preparation,Litchi,KERALA,
TRIVANDRUM_Mango,Nutrient Management -> Plant Protection -> Plant Protection -> Cultural Practices -> Cultural Practices -> Plant Protection -> Plant Protection -> Plant Protection -> Nutrient Management -> Nutrient Management -> Plant Protection -> Plant Protection -> Plant Protection -> Plant Protection -> Plant Protection -> Plant Protection -> Plant Protection -> Nutrient Management -> Plant Protection -> Plant Protection -> Nutrient Management -> Seeds and Planting Material -> Nutrient Management -> Cultural Practices -> Plant Protection -> Plant Protection -> Plant Protection -> Nutrient Management -> Plant Protection -> Nutrient Management -> Nutrient Management,Mango,KERALA,
TRIVANDRUM_Marigold,Plant Protection,Marigold,KERALA,
TRIVANDRUM_Mint,Plant Protection,Mint,KERALA,
TRIVANDRUM_Nutmeg,Nutrient Management -> Nutrient Management,Nutmeg,KERALA,
TRIVANDRUM_Other,Weather,Other,KERALA,
TRIVANDRUM_Paddy (Dhan),Varieties -> Varieties -> Nutrient Management -> Nutrient Management -> Nutrient Management,Paddy (Dhan),KERALA,
TRIVANDRUM_Papaya,Plant Protection -> Organic Farming -> Nutrient Management -> Plant Protection -> Nutrient Management -> Nutrient Management -> Plant Protection,Papaya,KERALA,
TRIVANDRUM_Passion Fruit,Plant Protection,Passion Fruit,KERALA,
TRIVANDRUM_Pear,Cultural Practices,Pear,KERALA,
TRIVANDRUM_Pepper,Market Information -> Vegetative Propagation and Tissue Culture -> Nutrient Management -> Plant Protection -> Nutrient Management -> Nutrient Management -> Seeds and Planting Material,Pepper,KERALA,
TRIVANDRUM_Pineapple,Seeds and Planting Material -> Market Information,Pineapple,KERALA,
TRIVANDRUM_Rose,Nutrient Management -> Plant Protection -> Nutrient Management,Rose,KERALA,
TRIVANDRUM_Rubber,Nutrient Management -> Nutrient Management -> Nutrient Management -> Nutrient Management -> Cultural Practices -> Nutrient Management -> Plant Protection -> Cultural Practices -> Cultural Practices -> Nutrient Management -> Nutrient Management -> Plant Protection -> Cultural Practices -> Nutrient Management -> Nutrient Management,Rubber,KERALA,
TRIVANDRUM_Sapota,Nutrient Management,Sapota,KERALA,
TRIVANDRUM_Sesame (Gingelly/Til)/Sesamum,Market Information -> Seeds -> Seeds,Sesame (Gingelly/Til)/Sesamum,KERALA,
TRIVANDRUM_Snake Gourd,Plant Protection -> Plant Protection,Snake Gourd,KERALA,
TRIVANDRUM_Sweet Potato,Nutrient Management -> Nutrient Management,Sweet Potato,KERALA,
TRIVANDRUM_Tapioca (Cassava),Plant Protection -> Plant Protection -> Cultural Practices -> Plant Protection -> Plant Protection -> Cultural Practices -> Sowing Time and Weather -> Plant Protection -> Plant Protection,Tapioca (Cassava),KERALA,
TRIVANDRUM_Teak,Seeds and Planting Material -> Seeds and Planting Material,Teak,KERALA,
TRIVANDRUM_Tomato,Plant Protection -> Plant Protection -> Plant Protection -> Plant Protection -> Plant Protection -> Nutrient Management -> Nutrient Management -> Plant Protection -> Plant Protection -> Nutrient Management,Tomato,KERALA,
TRIVANDRUM_Turmeric,Seeds and Planting Material -> Seeds and Planting Material,Turmeric,KERALA,
TRIVANDRUM_Watermelon,Nutrient Management -> Nutrient Management,Watermelon,KERALA,
WAYANAD_Arecanut,Nutrient Management -> Plant Protection,Arecanut,KERALA,
WAYANAD_Avacado,Cultural Practices,Avacado,KERALA,
WAYANAD_Banana,Plant Protection -> Plant Protection -> Nutrient Management -> Nutrient Management -> Plant Protection -> Nutrient Management -> Plant Protection -> Plant Protection -> Nutrient Management -> Nutrient Management -> Nutrient Management -> Plant Protection -> Plant Protection -> Plant Protection -> Nutrient Management -> Nutrient Management -> Plant Protection -> Cultural Practices -> Plant Protection -> Plant Protection -> Nutrient Management -> Nutrient Management,Banana,KERALA,
WAYANAD_Bitter Gourd,Seeds and Planting Material -> Field Preparation,Bitter Gourd,KERALA,
"WAYANAD_Bovine(Cow,Buffalo)",Disease Management,"Bovine(Cow,Buffalo)",KERALA,
WAYANAD_Cardamom,Plant Protection,Cardamom,KERALA,
WAYANAD_Chillies,Plant Protection -> Plant Protection -> Plant Protection -> Plant Protection,Chillies,KERALA,
WAYANAD_Cinnamon,Nutrient Management,Cinnamon,KERALA,
WAYANAD_Cocoa,Plant Protection,Cocoa,KERALA,
WAYANAD_Coconut,Nutrient Management -> Plant Protection -> Nutrient Management -> Nutrient Management -> Nutrient Management -> Nutrient Management -> Nutrient Management -> Seeds and Planting Material,Coconut,KERALA,
WAYANAD_Coffee,"Seeds and Planting Material -> Cultural Practices -> Plant Protection -> Seeds and Planting Material -> Vegetative Propagation and Tissue Culture -> Nutrient Management -> Water Management, Micro Irrigation -> Nutrient Management -> Plant Protection -> Nutrient Management -> Soil Testing -> Seeds and Planting Material -> Vegetative Propagation and Tissue Culture -> Cultural Practices -> Plant Protection -> Plant Protection",Coffee,KERALA,
WAYANAD_Cowpea (Vegetable),Plant Protection,Cowpea (Vegetable),KERALA,
WAYANAD_Garlic,Seeds and Planting Material -> Seeds and Planting Material,Garlic,KERALA,
WAYANAD_Ginger,Field Preparation -> Field Preparation -> Nutrient Management -> Nutrient Management -> Plant Protection -> Cultural Practices -> Nutrient Management -> Plant Protection -> Nutrient Management -> Nutrient Management,Ginger,KERALA,
WAYANAD_Mango,Plant Protection -> Nutrient Management,Mango,KERALA,
WAYANAD_Nutmeg,Seeds and Planting Material,Nutmeg,KERALA,
WAYANAD_Onion,Seeds and Planting Material,Onion,KERALA,
WAYANAD_POULTRY  FARM,Animal Breeding -> Animal Nutrition,POULTRY  FARM,KERALA,
WAYANAD_Paddy (Dhan),Field Preparation -> Plant Protection,Paddy (Dhan),KERALA,
WAYANAD_Papaya,Plant Protection,Papaya,KERALA,
WAYANAD_Passion Fruit,Plant Protection -> Plant Protection,Passion Fruit,KERALA,
WAYANAD_Pepper,Agriculture Mechanization -> Vegetative Propagation and Tissue Culture -> Plant Protection -> Seeds and Planting Material -> Organic Farming -> Plant Protection -> Organic Farming -> Nutrient Management,Pepper,KERALA,
WAYANAD_Potato,Cultural Practices,Potato,KERALA,
WAYANAD_Sweet Potato,Cultural Practices,Sweet Potato,KERALA,
WAYANAD_Tomato,Plant Protection,Tomato,KERALA,
